date,area_name,area_id,Temperature,Pressure,Precipitation,season
2026-01,El-Salum,N/A,14.95000758,1013.25,64.81448386,Winter
2026-02,El-Salum,N/A,15.52690105,1013.25,30.73096105,Winter
2026-03,El-Salum,N/A,17.77888568,1013.25,24.03169592,Spring
2026-04,El-Salum,N/A,20.83877396,1013.25,15.06011699,Spring
2026-05,El-Salum,N/A,24.08796525,1013.25,3.697880579,Spring
2026-06,El-Salum,N/A,27.98853159,1013.25,0.3070470406,Summer
2026-07,El-Salum,N/A,29.48538533,1013.25,0,Summer
2026-08,El-Salum,N/A,29.99238961,1013.25,0.08928980131,Summer
2026-09,El-Salum,N/A,27.9101152,1013.25,2.699434713,Autumn
2026-10,El-Salum,N/A,24.46233078,1013.25,17.51801708,Autumn
2026-11,El-Salum,N/A,20.43679445,1013.25,21.91058026,Autumn
2026-12,El-Salum,N/A,16.16334071,1013.25,61.39684986,Winter
2027-01,El-Salum,N/A,14.6478363,1013.25,61.45078253,Winter
2027-02,El-Salum,N/A,15.74330661,1013.25,32.96521314,Winter
2027-03,El-Salum,N/A,17.56073224,1013.25,27.67868701,Spring
2027-04,El-Salum,N/A,20.78851988,1013.25,8.481661029,Spring
2027-05,El-Salum,N/A,24.07188937,1013.25,3.301227771,Spring
2027-06,El-Salum,N/A,27.55765341,1013.25,0.6208649841,Summer
2027-07,El-Salum,N/A,29.37561951,1013.25,0,Summer
2027-08,El-Salum,N/A,29.73145841,1013.25,0.06469202638,Summer
2027-09,El-Salum,N/A,27.69481713,1013.25,2.262152254,Autumn
2027-10,El-Salum,N/A,24.35916758,1013.25,19.24521078,Autumn
2027-11,El-Salum,N/A,20.12598867,1013.25,28.01337807,Autumn
2027-12,El-Salum,N/A,16.71029594,1013.25,38.51432575,Winter
2028-01,El-Salum,N/A,15.0565981,1013.25,55.31819001,Winter
2028-02,El-Salum,N/A,15.58061248,1013.25,35.71504565,Winter
2028-03,El-Salum,N/A,17.9808264,1013.25,17.93821177,Spring
2028-04,El-Salum,N/A,20.5772457,1013.25,9.057352679,Spring
2028-05,El-Salum,N/A,24.08259218,1013.25,2.259769858,Spring
2028-06,El-Salum,N/A,27.63271238,1013.25,0.1657600118,Summer
2028-07,El-Salum,N/A,29.59647817,1013.25,0,Summer
2028-08,El-Salum,N/A,29.71444978,1013.25,0.231673704,Summer
2028-09,El-Salum,N/A,27.83958071,1013.25,4.715455585,Autumn
2028-10,El-Salum,N/A,24.65393244,1013.25,19.54188462,Autumn
2028-11,El-Salum,N/A,20.06459715,1013.25,25.08787611,Autumn
2028-12,El-Salum,N/A,16.45376173,1013.25,49.70528142,Winter
2029-01,El-Salum,N/A,14.91236562,1013.25,59.96060418,Winter
2029-02,El-Salum,N/A,15.29093913,1013.25,45.44723509,Winter
2029-03,El-Salum,N/A,17.64078133,1013.25,22.84438624,Spring
2029-04,El-Salum,N/A,20.63508389,1013.25,12.49084729,Spring
2029-05,El-Salum,N/A,23.99397406,1013.25,3.571830033,Spring
2029-06,El-Salum,N/A,27.49970989,1013.25,0.3532362588,Summer
2029-07,El-Salum,N/A,29.55889627,1013.25,0,Summer
2029-08,El-Salum,N/A,30.09092004,1013.25,0.1470138407,Summer
2029-09,El-Salum,N/A,27.78384134,1013.25,3.138897636,Autumn
2029-10,El-Salum,N/A,24.53107753,1013.25,17.38752081,Autumn
2029-11,El-Salum,N/A,20.45035459,1013.25,22.93719703,Autumn
2029-12,El-Salum,N/A,16.52441633,1013.25,54.23905308,Winter
2030-01,El-Salum,N/A,14.85789421,1013.25,56.4374132,Winter
2030-02,El-Salum,N/A,15.91292282,1013.25,32.35620603,Winter
2030-03,El-Salum,N/A,17.52465407,1013.25,23.10718657,Spring
2030-04,El-Salum,N/A,20.34650082,1013.25,14.64311756,Spring
2030-05,El-Salum,N/A,24.1712172,1013.25,5.026529986,Spring
2030-06,El-Salum,N/A,27.8152203,1013.25,0.2181977331,Summer
2030-07,El-Salum,N/A,29.43017608,1013.25,0,Summer
2030-08,El-Salum,N/A,29.74356502,1013.25,0.03212836249,Summer
2030-09,El-Salum,N/A,27.89145567,1013.25,5.05532753,Autumn
2030-10,El-Salum,N/A,24.72657412,1013.25,25.71853239,Autumn
2030-11,El-Salum,N/A,20.72424937,1013.25,19.76369939,Autumn
2030-12,El-Salum,N/A,16.43807521,1013.25,59.60867748,Winter
2026-01,Nabq Protected Area,N/A,14.13068777,1013.25,4.672974098,Winter
2026-02,Nabq Protected Area,N/A,15.28647818,1013.25,2.199529896,Winter
2026-03,Nabq Protected Area,N/A,18.20382067,1013.25,6.239502806,Spring
2026-04,Nabq Protected Area,N/A,22.32016346,1013.25,8.69806834,Spring
2026-05,Nabq Protected Area,N/A,26.04145855,1013.25,4.289691353,Spring
2026-06,Nabq Protected Area,N/A,29.06242008,1013.25,1.121665143,Summer
2026-07,Nabq Protected Area,N/A,30.19717436,1013.25,0,Summer
2026-08,Nabq Protected Area,N/A,30.71225187,1013.25,8.41E-17,Summer
2026-09,Nabq Protected Area,N/A,28.64437751,1013.25,2.417755144,Autumn
2026-10,Nabq Protected Area,N/A,25.11206227,1013.25,2.505185064,Autumn
2026-11,Nabq Protected Area,N/A,20.55471191,1013.25,3.444731476,Autumn
2026-12,Nabq Protected Area,N/A,15.38912497,1013.25,3.017513597,Winter
2027-01,Nabq Protected Area,N/A,13.77517325,1013.25,3.430967744,Winter
2027-02,Nabq Protected Area,N/A,15.74623489,1013.25,4.893347834,Winter
2027-03,Nabq Protected Area,N/A,17.87493977,1013.25,6.22474171,Spring
2027-04,Nabq Protected Area,N/A,21.97788013,1013.25,5.901548703,Spring
2027-05,Nabq Protected Area,N/A,26.22734085,1013.25,4.185941222,Spring
2027-06,Nabq Protected Area,N/A,29.09789663,1013.25,0.4888167122,Summer
2027-07,Nabq Protected Area,N/A,30.44256973,1013.25,0,Summer
2027-08,Nabq Protected Area,N/A,30.76004083,1013.25,0,Summer
2027-09,Nabq Protected Area,N/A,28.89023469,1013.25,0.9146386343,Autumn
2027-10,Nabq Protected Area,N/A,25.15486839,1013.25,6.25577458,Autumn
2027-11,Nabq Protected Area,N/A,20.47760325,1013.25,2.034467566,Autumn
2027-12,Nabq Protected Area,N/A,16.05561531,1013.25,2.721327162,Winter
2028-01,Nabq Protected Area,N/A,14.16781658,1013.25,2.404095377,Winter
2028-02,Nabq Protected Area,N/A,15.3466835,1013.25,3.732963693,Winter
2028-03,Nabq Protected Area,N/A,18.35034261,1013.25,3.652573111,Spring
2028-04,Nabq Protected Area,N/A,21.99400841,1013.25,16.6608349,Spring
2028-05,Nabq Protected Area,N/A,25.88329611,1013.25,11.50776609,Spring
2028-06,Nabq Protected Area,N/A,28.84871331,1013.25,0.3923921198,Summer
2028-07,Nabq Protected Area,N/A,30.60274567,1013.25,0,Summer
2028-08,Nabq Protected Area,N/A,30.72415346,1013.25,3.57E-18,Summer
2028-09,Nabq Protected Area,N/A,28.7237493,1013.25,0.06184938228,Autumn
2028-10,Nabq Protected Area,N/A,25.34513062,1013.25,4.787416394,Autumn
2028-11,Nabq Protected Area,N/A,20.28226232,1013.25,5.1407992,Autumn
2028-12,Nabq Protected Area,N/A,15.79687568,1013.25,1.164758,Winter
2029-01,Nabq Protected Area,N/A,13.96943902,1013.25,4.817079541,Winter
2029-02,Nabq Protected Area,N/A,15.00103423,1013.25,3.101735328,Winter
2029-03,Nabq Protected Area,N/A,18.20870492,1013.25,15.24074877,Spring
2029-04,Nabq Protected Area,N/A,21.95116212,1013.25,8.054136099,Spring
2029-05,Nabq Protected Area,N/A,26.14802384,1013.25,14.88278933,Spring
2029-06,Nabq Protected Area,N/A,28.99634444,1013.25,0.1403592367,Summer
2029-07,Nabq Protected Area,N/A,30.42335604,1013.25,0,Summer
2029-08,Nabq Protected Area,N/A,31.09867314,1013.25,0,Summer
2029-09,Nabq Protected Area,N/A,28.88672934,1013.25,0.003081270727,Autumn
2029-10,Nabq Protected Area,N/A,25.14793933,1013.25,3.204994029,Autumn
2029-11,Nabq Protected Area,N/A,20.61102258,1013.25,2.48164982,Autumn
2029-12,Nabq Protected Area,N/A,15.97811527,1013.25,2.158918286,Winter
2030-01,Nabq Protected Area,N/A,14.02240202,1013.25,6.141688286,Winter
2030-02,Nabq Protected Area,N/A,16.05863381,1013.25,3.995332789,Winter
2030-03,Nabq Protected Area,N/A,18.07558881,1013.25,6.926624663,Spring
2030-04,Nabq Protected Area,N/A,21.84798675,1013.25,4.186982781,Spring
2030-05,Nabq Protected Area,N/A,26.0830527,1013.25,8.029422221,Spring
2030-06,Nabq Protected Area,N/A,29.26469724,1013.25,0.08852893004,Summer
2030-07,Nabq Protected Area,N/A,30.3998056,1013.25,0,Summer
2030-08,Nabq Protected Area,N/A,30.95697115,1013.25,2.57E-17,Summer
2030-09,Nabq Protected Area,N/A,28.85592693,1013.25,0.06895522552,Autumn
2030-10,Nabq Protected Area,N/A,25.60639539,1013.25,2.243931386,Autumn
2030-11,Nabq Protected Area,N/A,20.86570886,1013.25,2.878059825,Autumn
2030-12,Nabq Protected Area,N/A,15.85517208,1013.25,3.406218938,Winter
2026-01,Abu Galum Protected Area,N/A,13.7704058,1013.25,3.57328087,Winter
2026-02,Abu Galum Protected Area,N/A,14.97243895,1013.25,2.295067436,Winter
2026-03,Abu Galum Protected Area,N/A,18.01136307,1013.25,6.744654042,Spring
2026-04,Abu Galum Protected Area,N/A,22.17636241,1013.25,9.479029066,Spring
2026-05,Abu Galum Protected Area,N/A,25.99487389,1013.25,4.880184269,Spring
2026-06,Abu Galum Protected Area,N/A,29.08618991,1013.25,0.8317217323,Summer
2026-07,Abu Galum Protected Area,N/A,30.37715903,1013.25,0,Summer
2026-08,Abu Galum Protected Area,N/A,30.86483687,1013.25,2.22E-16,Summer
2026-09,Abu Galum Protected Area,N/A,28.73370801,1013.25,1.98502891,Autumn
2026-10,Abu Galum Protected Area,N/A,25.14613176,1013.25,1.925996978,Autumn
2026-11,Abu Galum Protected Area,N/A,20.37135698,1013.25,3.069706754,Autumn
2026-12,Abu Galum Protected Area,N/A,15.00559751,1013.25,3.107318507,Winter
2027-01,Abu Galum Protected Area,N/A,13.40567052,1013.25,2.55807667,Winter
2027-02,Abu Galum Protected Area,N/A,15.45287137,1013.25,4.461388025,Winter
2027-03,Abu Galum Protected Area,N/A,17.6619728,1013.25,6.512061895,Spring
2027-04,Abu Galum Protected Area,N/A,21.82031205,1013.25,6.972763561,Spring
2027-05,Abu Galum Protected Area,N/A,26.16956232,1013.25,3.906719554,Spring
2027-06,Abu Galum Protected Area,N/A,29.09419391,1013.25,0.4581154115,Summer
2027-07,Abu Galum Protected Area,N/A,30.6299681,1013.25,0,Summer
2027-08,Abu Galum Protected Area,N/A,30.8967124,1013.25,1.34E-06,Summer
2027-09,Abu Galum Protected Area,N/A,28.9169856,1013.25,0.7207043925,Autumn
2027-10,Abu Galum Protected Area,N/A,25.1441239,1013.25,4.903515165,Autumn
2027-11,Abu Galum Protected Area,N/A,20.27280506,1013.25,1.927549219,Autumn
2027-12,Abu Galum Protected Area,N/A,15.66236453,1013.25,3.188628196,Winter
2028-01,Abu Galum Protected Area,N/A,13.79038545,1013.25,1.842833021,Winter
2028-02,Abu Galum Protected Area,N/A,15.08337874,1013.25,3.708755029,Winter
2028-03,Abu Galum Protected Area,N/A,18.13671539,1013.25,4.668006474,Spring
2028-04,Abu Galum Protected Area,N/A,21.84166806,1013.25,17.01157565,Spring
2028-05,Abu Galum Protected Area,N/A,25.82627896,1013.25,12.95915405,Spring
2028-06,Abu Galum Protected Area,N/A,28.83805988,1013.25,0.3875663982,Summer
2028-07,Abu Galum Protected Area,N/A,30.76329827,1013.25,0,Summer
2028-08,Abu Galum Protected Area,N/A,30.8603629,1013.25,3.33E-05,Summer
2028-09,Abu Galum Protected Area,N/A,28.78867016,1013.25,0.08777181185,Autumn
2028-10,Abu Galum Protected Area,N/A,25.33590701,1013.25,4.310581612,Autumn
2028-11,Abu Galum Protected Area,N/A,20.06664655,1013.25,4.98024383,Autumn
2028-12,Abu Galum Protected Area,N/A,15.42417661,1013.25,1.143896646,Winter
2029-01,Abu Galum Protected Area,N/A,13.61702736,1013.25,4.083643729,Winter
2029-02,Abu Galum Protected Area,N/A,14.73280636,1013.25,3.10286017,Winter
2029-03,Abu Galum Protected Area,N/A,17.99510269,1013.25,11.01875518,Spring
2029-04,Abu Galum Protected Area,N/A,21.83897863,1013.25,8.864403162,Spring
2029-05,Abu Galum Protected Area,N/A,26.07185876,1013.25,13.07864855,Spring
2029-06,Abu Galum Protected Area,N/A,28.98539132,1013.25,0.07857594584,Summer
2029-07,Abu Galum Protected Area,N/A,30.6126627,1013.25,0,Summer
2029-08,Abu Galum Protected Area,N/A,31.20216591,1013.25,0,Summer
2029-09,Abu Galum Protected Area,N/A,28.93721972,1013.25,0.004839464999,Autumn
2029-10,Abu Galum Protected Area,N/A,25.13785052,1013.25,2.683636341,Autumn
2029-11,Abu Galum Protected Area,N/A,20.41971103,1013.25,2.050411749,Autumn
2029-12,Abu Galum Protected Area,N/A,15.62491639,1013.25,2.196491357,Winter
2030-01,Abu Galum Protected Area,N/A,13.66457197,1013.25,5.320314973,Winter
2030-02,Abu Galum Protected Area,N/A,15.76349688,1013.25,4.120574369,Winter
2030-03,Abu Galum Protected Area,N/A,17.86854758,1013.25,6.592459352,Spring
2030-04,Abu Galum Protected Area,N/A,21.73011242,1013.25,4.392122625,Spring
2030-05,Abu Galum Protected Area,N/A,26.01636698,1013.25,8.263698417,Spring
2030-06,Abu Galum Protected Area,N/A,29.24611332,1013.25,0.06113642982,Summer
2030-07,Abu Galum Protected Area,N/A,30.59312321,1013.25,0,Summer
2030-08,Abu Galum Protected Area,N/A,31.07339642,1013.25,7.50E-17,Summer
2030-09,Abu Galum Protected Area,N/A,28.94200339,1013.25,0.1073540439,Autumn
2030-10,Abu Galum Protected Area,N/A,25.61478682,1013.25,2.233650347,Autumn
2030-11,Abu Galum Protected Area,N/A,20.68996792,1013.25,3.134691813,Autumn
2030-12,Abu Galum Protected Area,N/A,15.47857669,1013.25,2.018907385,Winter
2026-01,Olba Reserve,N/A,20.1417103,1013.25,0.2038115934,Winter
2026-02,Olba Reserve,N/A,21.31866037,1013.25,0.07876380631,Winter
2026-03,Olba Reserve,N/A,23.58883791,1013.25,0.6876793509,Spring
2026-04,Olba Reserve,N/A,27.05712287,1013.25,0.911103337,Spring
2026-05,Olba Reserve,N/A,30.16470871,1013.25,1.472106991,Spring
2026-06,Olba Reserve,N/A,32.84364448,1013.25,0.5411277703,Summer
2026-07,Olba Reserve,N/A,33.6532753,1013.25,0.006201750074,Summer
2026-08,Olba Reserve,N/A,34.02114354,1013.25,0.03169566812,Summer
2026-09,Olba Reserve,N/A,32.15028059,1013.25,1.280891407,Autumn
2026-10,Olba Reserve,N/A,29.12910927,1013.25,0.7354542987,Autumn
2026-11,Olba Reserve,N/A,25.19718805,1013.25,5.744234105,Autumn
2026-12,Olba Reserve,N/A,21.05626706,1013.25,1.342066679,Winter
2027-01,Olba Reserve,N/A,19.80875962,1013.25,0.3255893428,Winter
2027-02,Olba Reserve,N/A,21.44538144,1013.25,0.3164720663,Winter
2027-03,Olba Reserve,N/A,23.36789746,1013.25,0.6021725145,Spring
2027-04,Olba Reserve,N/A,26.90224825,1013.25,1.857527872,Spring
2027-05,Olba Reserve,N/A,30.35379293,1013.25,0.9693685546,Spring
2027-06,Olba Reserve,N/A,32.96288855,1013.25,0.2223746544,Summer
2027-07,Olba Reserve,N/A,33.90272831,1013.25,0.009415778772,Summer
2027-08,Olba Reserve,N/A,34.12536447,1013.25,0.03051889183,Summer
2027-09,Olba Reserve,N/A,32.43401877,1013.25,0.005567391781,Autumn
2027-10,Olba Reserve,N/A,29.26231729,1013.25,1.477221551,Autumn
2027-11,Olba Reserve,N/A,25.04387667,1013.25,4.827028588,Autumn
2027-12,Olba Reserve,N/A,21.46309813,1013.25,0.9331555529,Winter
2028-01,Olba Reserve,N/A,20.07754859,1013.25,0.2781658285,Winter
2028-02,Olba Reserve,N/A,21.10594124,1013.25,0.0726885949,Winter
2028-03,Olba Reserve,N/A,23.59824002,1013.25,0.5366893409,Spring
2028-04,Olba Reserve,N/A,27.02969249,1013.25,1.654310458,Spring
2028-05,Olba Reserve,N/A,30.06266467,1013.25,1.936086687,Spring
2028-06,Olba Reserve,N/A,32.70749716,1013.25,0.1626719837,Summer
2028-07,Olba Reserve,N/A,33.95908665,1013.25,0.006027225016,Summer
2028-08,Olba Reserve,N/A,34.04719385,1013.25,0.05362558452,Summer
2028-09,Olba Reserve,N/A,32.087807,1013.25,0.005307288057,Autumn
2028-10,Olba Reserve,N/A,29.30562247,1013.25,1.431023409,Autumn
2028-11,Olba Reserve,N/A,25.0416031,1013.25,4.599712207,Autumn
2028-12,Olba Reserve,N/A,21.24629585,1013.25,1.521097513,Winter
2029-01,Olba Reserve,N/A,19.99379381,1013.25,0.1812911191,Winter
2029-02,Olba Reserve,N/A,20.82461923,1013.25,0.2850967742,Winter
2029-03,Olba Reserve,N/A,23.59173645,1013.25,0.8641332297,Spring
2029-04,Olba Reserve,N/A,26.8811888,1013.25,0.3710579154,Spring
2029-05,Olba Reserve,N/A,30.33140618,1013.25,0.8680146293,Spring
2029-06,Olba Reserve,N/A,32.8707528,1013.25,0.2481594789,Summer
2029-07,Olba Reserve,N/A,33.74237786,1013.25,0.008235658476,Summer
2029-08,Olba Reserve,N/A,34.41457663,1013.25,0.02190987914,Summer
2029-09,Olba Reserve,N/A,32.42180456,1013.25,0.4468398189,Autumn
2029-10,Olba Reserve,N/A,29.24368612,1013.25,1.017385271,Autumn
2029-11,Olba Reserve,N/A,25.071731,1013.25,3.954643811,Autumn
2029-12,Olba Reserve,N/A,21.28891026,1013.25,3.033478922,Winter
2030-01,Olba Reserve,N/A,20.07242804,1013.25,0.286129897,Winter
2030-02,Olba Reserve,N/A,21.8089566,1013.25,0.05135621564,Winter
2030-03,Olba Reserve,N/A,23.59897897,1013.25,0.633486832,Spring
2030-04,Olba Reserve,N/A,26.9777117,1013.25,1.409153052,Spring
2030-05,Olba Reserve,N/A,30.18200201,1013.25,2.309486358,Spring
2030-06,Olba Reserve,N/A,33.07061013,1013.25,0.1126540015,Summer
2030-07,Olba Reserve,N/A,33.82919263,1013.25,0.01068818711,Summer
2030-08,Olba Reserve,N/A,34.22675206,1013.25,0.03284177825,Summer
2030-09,Olba Reserve,N/A,32.28732139,1013.25,0.008487447526,Autumn
2030-10,Olba Reserve,N/A,29.43649277,1013.25,0.6436719617,Autumn
2030-11,Olba Reserve,N/A,25.23181388,1013.25,7.117645698,Autumn
2030-12,Olba Reserve,N/A,21.32995799,1013.25,1.058739302,Winter
2026-01,Wadi El-Gemal - Hamata,N/A,18.23416321,1013.25,6.01E-04,Winter
2026-02,Wadi El-Gemal - Hamata,N/A,19.69192524,1013.25,4.21E-04,Winter
2026-03,Wadi El-Gemal - Hamata,N/A,22.57045459,1013.25,0.005748534588,Spring
2026-04,Wadi El-Gemal - Hamata,N/A,26.50495896,1013.25,1.63E-05,Spring
2026-05,Wadi El-Gemal - Hamata,N/A,30.01660188,1013.25,1.24E-08,Spring
2026-06,Wadi El-Gemal - Hamata,N/A,32.8769559,1013.25,0,Summer
2026-07,Wadi El-Gemal - Hamata,N/A,33.54674797,1013.25,2.98E-05,Summer
2026-08,Wadi El-Gemal - Hamata,N/A,33.99034604,1013.25,2.57E-04,Summer
2026-09,Wadi El-Gemal - Hamata,N/A,32.06831893,1013.25,0,Autumn
2026-10,Wadi El-Gemal - Hamata,N/A,28.51491699,1013.25,0.01945507325,Autumn
2026-11,Wadi El-Gemal - Hamata,N/A,24.0682781,1013.25,0.1832201675,Autumn
2026-12,Wadi El-Gemal - Hamata,N/A,19.29989967,1013.25,0.01547696862,Winter
2027-01,Wadi El-Gemal - Hamata,N/A,17.89803765,1013.25,3.27E-04,Winter
2027-02,Wadi El-Gemal - Hamata,N/A,19.92480915,1013.25,0.00351668876,Winter
2027-03,Wadi El-Gemal - Hamata,N/A,22.25311054,1013.25,0.005681734998,Spring
2027-04,Wadi El-Gemal - Hamata,N/A,26.32186229,1013.25,6.47E-06,Spring
2027-05,Wadi El-Gemal - Hamata,N/A,30.17269808,1013.25,2.68E-08,Spring
2027-06,Wadi El-Gemal - Hamata,N/A,32.95624233,1013.25,0,Summer
2027-07,Wadi El-Gemal - Hamata,N/A,33.79356284,1013.25,6.85E-05,Summer
2027-08,Wadi El-Gemal - Hamata,N/A,34.07862121,1013.25,2.40E-04,Summer
2027-09,Wadi El-Gemal - Hamata,N/A,32.34308137,1013.25,0,Autumn
2027-10,Wadi El-Gemal - Hamata,N/A,28.60259351,1013.25,0.01408305448,Autumn
2027-11,Wadi El-Gemal - Hamata,N/A,23.9087416,1013.25,0.114866236,Autumn
2027-12,Wadi El-Gemal - Hamata,N/A,19.85373744,1013.25,0.02701997991,Winter
2028-01,Wadi El-Gemal - Hamata,N/A,18.21315872,1013.25,3.32E-04,Winter
2028-02,Wadi El-Gemal - Hamata,N/A,19.55976937,1013.25,1.14E-04,Winter
2028-03,Wadi El-Gemal - Hamata,N/A,22.58916464,1013.25,0.002609781835,Spring
2028-04,Wadi El-Gemal - Hamata,N/A,26.42012566,1013.25,1.26E-04,Spring
2028-05,Wadi El-Gemal - Hamata,N/A,29.91604255,1013.25,8.68E-09,Spring
2028-06,Wadi El-Gemal - Hamata,N/A,32.70745664,1013.25,0,Summer
2028-07,Wadi El-Gemal - Hamata,N/A,33.80794989,1013.25,5.77E-05,Summer
2028-08,Wadi El-Gemal - Hamata,N/A,33.96382972,1013.25,2.64E-04,Summer
2028-09,Wadi El-Gemal - Hamata,N/A,32.01447698,1013.25,0,Autumn
2028-10,Wadi El-Gemal - Hamata,N/A,28.70664158,1013.25,0.02046662381,Autumn
2028-11,Wadi El-Gemal - Hamata,N/A,23.89151906,1013.25,0.1180016361,Autumn
2028-12,Wadi El-Gemal - Hamata,N/A,19.57553489,1013.25,0.02143622712,Winter
2029-01,Wadi El-Gemal - Hamata,N/A,18.09706394,1013.25,1.24E-04,Winter
2029-02,Wadi El-Gemal - Hamata,N/A,19.26415059,1013.25,4.08E-04,Winter
2029-03,Wadi El-Gemal - Hamata,N/A,22.52820738,1013.25,0.003329045385,Spring
2029-04,Wadi El-Gemal - Hamata,N/A,26.30377332,1013.25,2.80E-04,Spring
2029-05,Wadi El-Gemal - Hamata,N/A,30.16190901,1013.25,4.27E-08,Spring
2029-06,Wadi El-Gemal - Hamata,N/A,32.86832048,1013.25,0,Summer
2029-07,Wadi El-Gemal - Hamata,N/A,33.68071874,1013.25,9.02E-05,Summer
2029-08,Wadi El-Gemal - Hamata,N/A,34.33119707,1013.25,6.24E-05,Summer
2029-09,Wadi El-Gemal - Hamata,N/A,32.32374186,1013.25,0,Autumn
2029-10,Wadi El-Gemal - Hamata,N/A,28.61958825,1013.25,0.008983600539,Autumn
2029-11,Wadi El-Gemal - Hamata,N/A,23.99665442,1013.25,0.07739781736,Autumn
2029-12,Wadi El-Gemal - Hamata,N/A,19.59633254,1013.25,0.05344417981,Winter
2030-01,Wadi El-Gemal - Hamata,N/A,18.15638361,1013.25,7.59E-05,Winter
2030-02,Wadi El-Gemal - Hamata,N/A,20.26346159,1013.25,8.70E-04,Winter
2030-03,Wadi El-Gemal - Hamata,N/A,22.46812577,1013.25,0.006359727594,Spring
2030-04,Wadi El-Gemal - Hamata,N/A,26.35308088,1013.25,5.99E-05,Spring
2030-05,Wadi El-Gemal - Hamata,N/A,30.03622459,1013.25,3.76E-09,Spring
2030-06,Wadi El-Gemal - Hamata,N/A,33.03371166,1013.25,0,Summer
2030-07,Wadi El-Gemal - Hamata,N/A,33.72962589,1013.25,7.05E-05,Summer
2030-08,Wadi El-Gemal - Hamata,N/A,34.19832419,1013.25,3.11E-04,Summer
2030-09,Wadi El-Gemal - Hamata,N/A,32.1949648,1013.25,0,Autumn
2030-10,Wadi El-Gemal - Hamata,N/A,28.91389699,1013.25,0.01028113035,Autumn
2030-11,Wadi El-Gemal - Hamata,N/A,24.17649807,1013.25,0.2031931995,Autumn
2030-12,Wadi El-Gemal - Hamata,N/A,19.66980484,1013.25,0.01683325781,Winter
2026-01,Al-Shweila,N/A,14.74451041,1013.25,41.56127614,Winter
2026-02,Al-Shweila,N/A,15.1268912,1013.25,17.96071717,Winter
2026-03,Al-Shweila,N/A,16.97612245,1013.25,10.91034769,Spring
2026-04,Al-Shweila,N/A,19.48188209,1013.25,7.775532329,Spring
2026-05,Al-Shweila,N/A,22.26322141,1013.25,3.642735165,Spring
2026-06,Al-Shweila,N/A,25.87030312,1013.25,0.2637925006,Summer
2026-07,Al-Shweila,N/A,27.50296452,1013.25,0,Summer
2026-08,Al-Shweila,N/A,28.32452527,1013.25,0.4485208191,Summer
2026-09,Al-Shweila,N/A,26.72342648,1013.25,1.151888524,Autumn
2026-10,Al-Shweila,N/A,23.82569908,1013.25,8.977071523,Autumn
2026-11,Al-Shweila,N/A,20.12940183,1013.25,15.98488967,Autumn
2026-12,Al-Shweila,N/A,16.0939404,1013.25,36.85382583,Winter
2027-01,Al-Shweila,N/A,14.42233559,1013.25,37.93897623,Winter
2027-02,Al-Shweila,N/A,15.29539438,1013.25,19.37017996,Winter
2027-03,Al-Shweila,N/A,16.77627176,1013.25,13.08382445,Spring
2027-04,Al-Shweila,N/A,19.39295684,1013.25,4.637628702,Spring
2027-05,Al-Shweila,N/A,22.22390211,1013.25,3.040112559,Spring
2027-06,Al-Shweila,N/A,25.48845006,1013.25,0.3317946837,Summer
2027-07,Al-Shweila,N/A,27.41422313,1013.25,0,Summer
2027-08,Al-Shweila,N/A,28.0750396,1013.25,0.03328857855,Summer
2027-09,Al-Shweila,N/A,26.53905789,1013.25,1.582847216,Autumn
2027-10,Al-Shweila,N/A,23.76243763,1013.25,14.99291353,Autumn
2027-11,Al-Shweila,N/A,19.91673227,1013.25,20.79223637,Autumn
2027-12,Al-Shweila,N/A,16.62226816,1013.25,27.19219566,Winter
2028-01,Al-Shweila,N/A,14.86319178,1013.25,35.090602,Winter
2028-02,Al-Shweila,N/A,15.21994525,1013.25,20.03636283,Winter
2028-03,Al-Shweila,N/A,17.15142584,1013.25,8.32967648,Spring
2028-04,Al-Shweila,N/A,19.25706802,1013.25,4.630787576,Spring
2028-05,Al-Shweila,N/A,22.20433662,1013.25,2.237417021,Spring
2028-06,Al-Shweila,N/A,25.53898271,1013.25,0.09426881757,Summer
2028-07,Al-Shweila,N/A,27.62528716,1013.25,0,Summer
2028-08,Al-Shweila,N/A,28.0847561,1013.25,0.04413780436,Summer
2028-09,Al-Shweila,N/A,26.68116931,1013.25,2.063718343,Autumn
2028-10,Al-Shweila,N/A,23.99813381,1013.25,16.49003729,Autumn
2028-11,Al-Shweila,N/A,19.87334074,1013.25,18.25626458,Autumn
2028-12,Al-Shweila,N/A,16.37724178,1013.25,34.83397823,Winter
2029-01,Al-Shweila,N/A,14.71667019,1013.25,38.99651895,Winter
2029-02,Al-Shweila,N/A,14.92383616,1013.25,27.12799596,Winter
2029-03,Al-Shweila,N/A,16.84886936,1013.25,10.50995627,Spring
2029-04,Al-Shweila,N/A,19.28648845,1013.25,6.04247405,Spring
2029-05,Al-Shweila,N/A,22.17403937,1013.25,3.325005716,Spring
2029-06,Al-Shweila,N/A,25.37445575,1013.25,0.2341248355,Summer
2029-07,Al-Shweila,N/A,27.59942538,1013.25,0,Summer
2029-08,Al-Shweila,N/A,28.41303741,1013.25,0.01131020788,Summer
2029-09,Al-Shweila,N/A,26.59728468,1013.25,1.924538152,Autumn
2029-10,Al-Shweila,N/A,23.89482883,1013.25,11.30413234,Autumn
2029-11,Al-Shweila,N/A,20.20758935,1013.25,14.8550981,Autumn
2029-12,Al-Shweila,N/A,16.45918445,1013.25,34.36393934,Winter
2030-01,Al-Shweila,N/A,14.66434073,1013.25,34.37809827,Winter
2030-02,Al-Shweila,N/A,15.50590686,1013.25,18.89451331,Winter
2030-03,Al-Shweila,N/A,16.75335157,1013.25,10.79294191,Spring
2030-04,Al-Shweila,N/A,19.05022285,1013.25,6.626590305,Spring
2030-05,Al-Shweila,N/A,22.26953631,1013.25,4.317309892,Spring
2030-06,Al-Shweila,N/A,25.69526992,1013.25,0.128417053,Summer
2030-07,Al-Shweila,N/A,27.45996451,1013.25,0,Summer
2030-08,Al-Shweila,N/A,28.06792603,1013.25,0.02786541622,Summer
2030-09,Al-Shweila,N/A,26.72683552,1013.25,2.45996705,Autumn
2030-10,Al-Shweila,N/A,24.07986435,1013.25,17.31748618,Autumn
2030-11,Al-Shweila,N/A,20.47125527,1013.25,15.43677022,Autumn
2030-12,Al-Shweila,N/A,16.37665748,1013.25,34.68915057,Winter
2026-01,Ras Al-Hekma,N/A,14.170755,1013.25,51.99242842,Winter
2026-02,Ras Al-Hekma,N/A,14.7982427,1013.25,26.60520761,Winter
2026-03,Ras Al-Hekma,N/A,17.05821737,1013.25,16.56346685,Spring
2026-04,Ras Al-Hekma,N/A,20.1833669,1013.25,7.781494613,Spring
2026-05,Ras Al-Hekma,N/A,23.42077179,1013.25,4.24727604,Spring
2026-06,Ras Al-Hekma,N/A,27.0837443,1013.25,0.2485910635,Summer
2026-07,Ras Al-Hekma,N/A,28.63869883,1013.25,0,Summer
2026-08,Ras Al-Hekma,N/A,29.28265228,1013.25,0.003520999811,Summer
2026-09,Ras Al-Hekma,N/A,27.30648905,1013.25,0.7342983324,Autumn
2026-10,Ras Al-Hekma,N/A,23.99755402,1013.25,7.116037884,Autumn
2026-11,Ras Al-Hekma,N/A,19.81780396,1013.25,17.33401876,Autumn
2026-12,Ras Al-Hekma,N/A,15.53763377,1013.25,42.38352421,Winter
2027-01,Ras Al-Hekma,N/A,13.86464691,1013.25,49.99466278,Winter
2027-02,Ras Al-Hekma,N/A,14.97339122,1013.25,27.50860372,Winter
2027-03,Ras Al-Hekma,N/A,16.9031484,1013.25,20.07437451,Spring
2027-04,Ras Al-Hekma,N/A,20.05690358,1013.25,4.986776883,Spring
2027-05,Ras Al-Hekma,N/A,23.36186778,1013.25,2.952669054,Spring
2027-06,Ras Al-Hekma,N/A,26.72790324,1013.25,0.2158888215,Summer
2027-07,Ras Al-Hekma,N/A,28.58798167,1013.25,0,Summer
2027-08,Ras Al-Hekma,N/A,29.03967692,1013.25,0.007837925916,Summer
2027-09,Ras Al-Hekma,N/A,27.18839518,1013.25,1.245781161,Autumn
2027-10,Ras Al-Hekma,N/A,23.97454936,1013.25,12.3377784,Autumn
2027-11,Ras Al-Hekma,N/A,19.68149109,1013.25,22.71066242,Autumn
2027-12,Ras Al-Hekma,N/A,16.05722148,1013.25,33.810831,Winter
2028-01,Ras Al-Hekma,N/A,14.27020467,1013.25,45.81799862,Winter
2028-02,Ras Al-Hekma,N/A,14.92425791,1013.25,29.47809892,Winter
2028-03,Ras Al-Hekma,N/A,17.25199788,1013.25,12.81772204,Spring
2028-04,Ras Al-Hekma,N/A,20.01861064,1013.25,4.725148648,Spring
2028-05,Ras Al-Hekma,N/A,23.34964854,1013.25,2.227346339,Spring
2028-06,Ras Al-Hekma,N/A,26.77801412,1013.25,0.0939503714,Summer
2028-07,Ras Al-Hekma,N/A,28.755513,1013.25,0,Summer
2028-08,Ras Al-Hekma,N/A,29.05822957,1013.25,0.008286174346,Summer
2028-09,Ras Al-Hekma,N/A,27.27891184,1013.25,1.183114189,Autumn
2028-10,Ras Al-Hekma,N/A,24.17853597,1013.25,14.26589485,Autumn
2028-11,Ras Al-Hekma,N/A,19.62483114,1013.25,20.15570573,Autumn
2028-12,Ras Al-Hekma,N/A,15.82294668,1013.25,41.48050119,Winter
2029-01,Ras Al-Hekma,N/A,14.17117462,1013.25,51.09644249,Winter
2029-02,Ras Al-Hekma,N/A,14.65173035,1013.25,39.97546527,Winter
2029-03,Ras Al-Hekma,N/A,16.97255809,1013.25,15.46094737,Spring
2029-04,Ras Al-Hekma,N/A,20.00416361,1013.25,6.140099358,Spring
2029-05,Ras Al-Hekma,N/A,23.34373423,1013.25,3.540527753,Spring
2029-06,Ras Al-Hekma,N/A,26.61682739,1013.25,0.2011762329,Summer
2029-07,Ras Al-Hekma,N/A,28.75984955,1013.25,0,Summer
2029-08,Ras Al-Hekma,N/A,29.39144236,1013.25,0.01241539003,Summer
2029-09,Ras Al-Hekma,N/A,27.198644,1013.25,1.300535833,Autumn
2029-10,Ras Al-Hekma,N/A,24.07819977,1013.25,8.520352316,Autumn
2029-11,Ras Al-Hekma,N/A,19.95245361,1013.25,15.79892175,Autumn
2029-12,Ras Al-Hekma,N/A,15.84392955,1013.25,40.54925844,Winter
2030-01,Ras Al-Hekma,N/A,14.09814555,1013.25,44.56908183,Winter
2030-02,Ras Al-Hekma,N/A,15.20666555,1013.25,26.90400942,Winter
2030-03,Ras Al-Hekma,N/A,16.88437297,1013.25,16.60505134,Spring
2030-04,Ras Al-Hekma,N/A,19.81518453,1013.25,7.364511622,Spring
2030-05,Ras Al-Hekma,N/A,23.41384532,1013.25,4.705694105,Spring
2030-06,Ras Al-Hekma,N/A,26.90613505,1013.25,0.1499280604,Summer
2030-07,Ras Al-Hekma,N/A,28.6231486,1013.25,0,Summer
2030-08,Ras Al-Hekma,N/A,29.03841451,1013.25,0.005076288914,Summer
2030-09,Ras Al-Hekma,N/A,27.36195323,1013.25,1.949846569,Autumn
2030-10,Ras Al-Hekma,N/A,24.24278768,1013.25,15.33365947,Autumn
2030-11,Ras Al-Hekma,N/A,20.19341482,1013.25,17.63522432,Autumn
2030-12,Ras Al-Hekma,N/A,15.78865,1013.25,39.18801901,Winter
2026-01,Ras Mohammed Reserve,N/A,16.65826391,1013.25,9.909683574,Winter
2026-02,Ras Mohammed Reserve,N/A,17.86010408,1013.25,2.3321966,Winter
2026-03,Ras Mohammed Reserve,N/A,20.90195839,1013.25,3.585674539,Spring
2026-04,Ras Mohammed Reserve,N/A,25.16892842,1013.25,2.945198043,Spring
2026-05,Ras Mohammed Reserve,N/A,28.91741918,1013.25,1.380776051,Spring
2026-06,Ras Mohammed Reserve,N/A,31.94221526,1013.25,0.4372089934,Summer
2026-07,Ras Mohammed Reserve,N/A,32.86173673,1013.25,0,Summer
2026-08,Ras Mohammed Reserve,N/A,33.33130125,1013.25,2.07E-19,Summer
2026-09,Ras Mohammed Reserve,N/A,31.2586542,1013.25,1.257790454,Autumn
2026-10,Ras Mohammed Reserve,N/A,27.4651424,1013.25,1.017449941,Autumn
2026-11,Ras Mohammed Reserve,N/A,22.78729415,1013.25,1.61323001,Autumn
2026-12,Ras Mohammed Reserve,N/A,17.80770916,1013.25,4.037581289,Winter
2027-01,Ras Mohammed Reserve,N/A,16.30816717,1013.25,7.826299694,Winter
2027-02,Ras Mohammed Reserve,N/A,18.30322893,1013.25,6.360346865,Winter
2027-03,Ras Mohammed Reserve,N/A,20.57810677,1013.25,4.238548929,Spring
2027-04,Ras Mohammed Reserve,N/A,24.85163415,1013.25,1.78020936,Spring
2027-05,Ras Mohammed Reserve,N/A,29.13169957,1013.25,1.583281329,Spring
2027-06,Ras Mohammed Reserve,N/A,31.9868486,1013.25,0.1566386811,Summer
2027-07,Ras Mohammed Reserve,N/A,33.11036895,1013.25,0,Summer
2027-08,Ras Mohammed Reserve,N/A,33.39831317,1013.25,0,Summer
2027-09,Ras Mohammed Reserve,N/A,31.55415917,1013.25,0.2925101402,Autumn
2027-10,Ras Mohammed Reserve,N/A,27.56154518,1013.25,2.617076363,Autumn
2027-11,Ras Mohammed Reserve,N/A,22.72236362,1013.25,0.8822626686,Autumn
2027-12,Ras Mohammed Reserve,N/A,18.51015926,1013.25,2.86026074,Winter
2028-01,Ras Mohammed Reserve,N/A,16.71718424,1013.25,4.442668879,Winter
2028-02,Ras Mohammed Reserve,N/A,17.88366649,1013.25,4.504712252,Winter
2028-03,Ras Mohammed Reserve,N/A,21.06514692,1013.25,1.919085673,Spring
2028-04,Ras Mohammed Reserve,N/A,24.87716156,1013.25,5.544579471,Spring
2028-05,Ras Mohammed Reserve,N/A,28.77212775,1013.25,3.039042874,Spring
2028-06,Ras Mohammed Reserve,N/A,31.7363155,1013.25,0.1326371241,Summer
2028-07,Ras Mohammed Reserve,N/A,33.28349718,1013.25,0,Summer
2028-08,Ras Mohammed Reserve,N/A,33.34859619,1013.25,1.53E-23,Summer
2028-09,Ras Mohammed Reserve,N/A,31.34341606,1013.25,0.01266014994,Autumn
2028-10,Ras Mohammed Reserve,N/A,27.7440056,1013.25,1.54844488,Autumn
2028-11,Ras Mohammed Reserve,N/A,22.5441647,1013.25,1.93682052,Autumn
2028-12,Ras Mohammed Reserve,N/A,18.19950871,1013.25,1.72287364,Winter
2029-01,Ras Mohammed Reserve,N/A,16.49013622,1013.25,8.352444388,Winter
2029-02,Ras Mohammed Reserve,N/A,17.52937856,1013.25,4.160736171,Winter
2029-03,Ras Mohammed Reserve,N/A,20.89031004,1013.25,9.646009625,Spring
2029-04,Ras Mohammed Reserve,N/A,24.79871517,1013.25,2.39454077,Spring
2029-05,Ras Mohammed Reserve,N/A,29.05616647,1013.25,5.095900703,Spring
2029-06,Ras Mohammed Reserve,N/A,31.90068543,1013.25,0.06639910759,Summer
2029-07,Ras Mohammed Reserve,N/A,33.09987843,1013.25,0,Summer
2029-08,Ras Mohammed Reserve,N/A,33.73680988,1013.25,0,Summer
2029-09,Ras Mohammed Reserve,N/A,31.54226751,1013.25,0.00212527088,Autumn
2029-10,Ras Mohammed Reserve,N/A,27.55937232,1013.25,1.068318229,Autumn
2029-11,Ras Mohammed Reserve,N/A,22.86067873,1013.25,1.099301596,Autumn
2029-12,Ras Mohammed Reserve,N/A,18.37872214,1013.25,2.928787335,Winter
2030-01,Ras Mohammed Reserve,N/A,16.55197286,1013.25,10.81492732,Winter
2030-02,Ras Mohammed Reserve,N/A,18.62273058,1013.25,5.177941972,Winter
2030-03,Ras Mohammed Reserve,N/A,20.77698824,1013.25,5.462417189,Spring
2030-04,Ras Mohammed Reserve,N/A,24.69616892,1013.25,2.35305392,Spring
2030-05,Ras Mohammed Reserve,N/A,28.98876669,1013.25,2.212576497,Spring
2030-06,Ras Mohammed Reserve,N/A,32.1602254,1013.25,0.03303776876,Summer
2030-07,Ras Mohammed Reserve,N/A,33.06240477,1013.25,0,Summer
2030-08,Ras Mohammed Reserve,N/A,33.60149921,1013.25,0,Summer
2030-09,Ras Mohammed Reserve,N/A,31.48486153,1013.25,0.009691698063,Autumn
2030-10,Ras Mohammed Reserve,N/A,27.99224385,1013.25,0.7497252088,Autumn
2030-11,Ras Mohammed Reserve,N/A,23.09033722,1013.25,1.161774174,Autumn
2030-12,Ras Mohammed Reserve,N/A,18.27211003,1013.25,6.946489673,Winter
2026-01,Al-Zaraniq Reserve,N/A,15.05057665,1013.25,59.83676591,Winter
2026-02,Al-Zaraniq Reserve,N/A,15.68911292,1013.25,43.69125267,Winter
2026-03,Al-Zaraniq Reserve,N/A,18.13065822,1013.25,30.1902509,Spring
2026-04,Al-Zaraniq Reserve,N/A,21.50061592,1013.25,10.08825321,Spring
2026-05,Al-Zaraniq Reserve,N/A,24.75856668,1013.25,1.336373588,Spring
2026-06,Al-Zaraniq Reserve,N/A,28.01283384,1013.25,4.34E-04,Summer
2026-07,Al-Zaraniq Reserve,N/A,29.6825198,1013.25,0.001625698077,Summer
2026-08,Al-Zaraniq Reserve,N/A,30.3315167,1013.25,0.006051227721,Summer
2026-09,Al-Zaraniq Reserve,N/A,28.3941109,1013.25,0.2357353242,Autumn
2026-10,Al-Zaraniq Reserve,N/A,25.40697234,1013.25,4.816174845,Autumn
2026-11,Al-Zaraniq Reserve,N/A,21.29946581,1013.25,25.37903715,Autumn
2026-12,Al-Zaraniq Reserve,N/A,16.60067086,1013.25,54.7567014,Winter
2027-01,Al-Zaraniq Reserve,N/A,14.6583167,1013.25,58.18693899,Winter
2027-02,Al-Zaraniq Reserve,N/A,15.91083188,1013.25,44.22900622,Winter
2027-03,Al-Zaraniq Reserve,N/A,17.86933833,1013.25,36.32339566,Spring
2027-04,Al-Zaraniq Reserve,N/A,21.17573959,1013.25,6.99749265,Spring
2027-05,Al-Zaraniq Reserve,N/A,24.791894,1013.25,1.039848284,Spring
2027-06,Al-Zaraniq Reserve,N/A,27.83240728,1013.25,0.002871321679,Summer
2027-07,Al-Zaraniq Reserve,N/A,29.86028655,1013.25,0.003381388778,Summer
2027-08,Al-Zaraniq Reserve,N/A,30.21664747,1013.25,9.31E-17,Summer
2027-09,Al-Zaraniq Reserve,N/A,28.41612867,1013.25,0.07730599828,Autumn
2027-10,Al-Zaraniq Reserve,N/A,25.42921275,1013.25,9.221428683,Autumn
2027-11,Al-Zaraniq Reserve,N/A,21.14971658,1013.25,29.10281934,Autumn
2027-12,Al-Zaraniq Reserve,N/A,17.30338851,1013.25,54.91816652,Winter
2028-01,Al-Zaraniq Reserve,N/A,15.04469233,1013.25,56.47846731,Winter
2028-02,Al-Zaraniq Reserve,N/A,15.82199442,1013.25,45.4166265,Winter
2028-03,Al-Zaraniq Reserve,N/A,18.26373132,1013.25,28.92146752,Spring
2028-04,Al-Zaraniq Reserve,N/A,21.30901622,1013.25,10.94690759,Spring
2028-05,Al-Zaraniq Reserve,N/A,24.68692202,1013.25,0.9214365773,Spring
2028-06,Al-Zaraniq Reserve,N/A,27.78105946,1013.25,4.17E-05,Summer
2028-07,Al-Zaraniq Reserve,N/A,29.88828682,1013.25,0.02464323903,Summer
2028-08,Al-Zaraniq Reserve,N/A,30.25199054,1013.25,0,Summer
2028-09,Al-Zaraniq Reserve,N/A,28.44893268,1013.25,0.4802146608,Autumn
2028-10,Al-Zaraniq Reserve,N/A,25.73121842,1013.25,8.169601189,Autumn
2028-11,Al-Zaraniq Reserve,N/A,21.08676068,1013.25,31.77147322,Autumn
2028-12,Al-Zaraniq Reserve,N/A,16.97303971,1013.25,49.89782111,Winter
2029-01,Al-Zaraniq Reserve,N/A,14.98392997,1013.25,61.67885671,Winter
2029-02,Al-Zaraniq Reserve,N/A,15.4690711,1013.25,55.14824842,Winter
2029-03,Al-Zaraniq Reserve,N/A,18.0696711,1013.25,30.01252454,Spring
2029-04,Al-Zaraniq Reserve,N/A,21.27861116,1013.25,12.34767027,Spring
2029-05,Al-Zaraniq Reserve,N/A,24.75269112,1013.25,0.5634924773,Spring
2029-06,Al-Zaraniq Reserve,N/A,27.6939002,1013.25,5.02E-04,Summer
2029-07,Al-Zaraniq Reserve,N/A,29.94917364,1013.25,0.001969580867,Summer
2029-08,Al-Zaraniq Reserve,N/A,30.56069017,1013.25,3.93E-18,Summer
2029-09,Al-Zaraniq Reserve,N/A,28.51963103,1013.25,0.134310277,Autumn
2029-10,Al-Zaraniq Reserve,N/A,25.53063991,1013.25,10.09441392,Autumn
2029-11,Al-Zaraniq Reserve,N/A,21.43359003,1013.25,23.84730659,Autumn
2029-12,Al-Zaraniq Reserve,N/A,17.21013396,1013.25,58.64862017,Winter
2030-01,Al-Zaraniq Reserve,N/A,14.94509092,1013.25,59.6826371,Winter
2030-02,Al-Zaraniq Reserve,N/A,16.2631069,1013.25,38.6600269,Winter
2030-03,Al-Zaraniq Reserve,N/A,17.89642016,1013.25,35.66489431,Spring
2030-04,Al-Zaraniq Reserve,N/A,21.05999199,1013.25,8.184057871,Spring
2030-05,Al-Zaraniq Reserve,N/A,24.69671127,1013.25,1.301373233,Spring
2030-06,Al-Zaraniq Reserve,N/A,27.93029361,1013.25,2.66E-04,Summer
2030-07,Al-Zaraniq Reserve,N/A,29.83886002,1013.25,0.001449447963,Summer
2030-08,Al-Zaraniq Reserve,N/A,30.31306869,1013.25,5.72E-18,Summer
2030-09,Al-Zaraniq Reserve,N/A,28.70578932,1013.25,0.3521019938,Autumn
2030-10,Al-Zaraniq Reserve,N/A,25.88418446,1013.25,9.428847309,Autumn
2030-11,Al-Zaraniq Reserve,N/A,21.69879416,1013.25,28.00134283,Autumn
2030-12,Al-Zaraniq Reserve,N/A,17.00259771,1013.25,52.68783804,Winter
2026-01,Red Sea Reefs,N/A,17.2600931,1013.25,6.603789878,Winter
2026-02,Red Sea Reefs,N/A,18.26994419,1013.25,1.320557907,Winter
2026-03,Red Sea Reefs,N/A,21.07454334,1013.25,3.072599835,Spring
2026-04,Red Sea Reefs,N/A,25.12202048,1013.25,1.934720449,Spring
2026-05,Red Sea Reefs,N/A,28.68111994,1013.25,0.9996839123,Spring
2026-06,Red Sea Reefs,N/A,31.64191501,1013.25,0.3104609615,Summer
2026-07,Red Sea Reefs,N/A,32.52700004,1013.25,0,Summer
2026-08,Red Sea Reefs,N/A,33.05857733,1013.25,1.06E-17,Summer
2026-09,Red Sea Reefs,N/A,31.03925326,1013.25,0.8739513016,Autumn
2026-10,Red Sea Reefs,N/A,27.59954286,1013.25,0.6806958834,Autumn
2026-11,Red Sea Reefs,N/A,23.32989294,1013.25,0.9685872826,Autumn
2026-12,Red Sea Reefs,N/A,18.53966987,1013.25,3.703990419,Winter
2027-01,Red Sea Reefs,N/A,16.92898332,1013.25,5.989098166,Winter
2027-02,Red Sea Reefs,N/A,18.70692699,1013.25,4.925998502,Winter
2027-03,Red Sea Reefs,N/A,20.75614657,1013.25,3.489742955,Spring
2027-04,Red Sea Reefs,N/A,24.78772441,1013.25,0.9772639439,Spring
2027-05,Red Sea Reefs,N/A,28.87504477,1013.25,1.240195579,Spring
2027-06,Red Sea Reefs,N/A,31.66662484,1013.25,0.09721073454,Summer
2027-07,Red Sea Reefs,N/A,32.77864306,1013.25,0,Summer
2027-08,Red Sea Reefs,N/A,33.09649888,1013.25,0,Summer
2027-09,Red Sea Reefs,N/A,31.32049966,1013.25,0.2085894691,Autumn
2027-10,Red Sea Reefs,N/A,27.6962653,1013.25,1.771838133,Autumn
2027-11,Red Sea Reefs,N/A,23.28225379,1013.25,0.5348125796,Autumn
2027-12,Red Sea Reefs,N/A,19.24872357,1013.25,1.929438952,Winter
2028-01,Red Sea Reefs,N/A,17.34608519,1013.25,3.085758635,Winter
2028-02,Red Sea Reefs,N/A,18.30231251,1013.25,3.630366396,Winter
2028-03,Red Sea Reefs,N/A,21.25797727,1013.25,1.250766474,Spring
2028-04,Red Sea Reefs,N/A,24.83549614,1013.25,3.634771199,Spring
2028-05,Red Sea Reefs,N/A,28.52334828,1013.25,1.848477054,Spring
2028-06,Red Sea Reefs,N/A,31.3814274,1013.25,0.05763577938,Summer
2028-07,Red Sea Reefs,N/A,32.94926509,1013.25,0,Summer
2028-08,Red Sea Reefs,N/A,33.04156486,1013.25,1.16E-17,Summer
2028-09,Red Sea Reefs,N/A,31.13026062,1013.25,0.004293851828,Autumn
2028-10,Red Sea Reefs,N/A,27.9127459,1013.25,1.006075649,Autumn
2028-11,Red Sea Reefs,N/A,23.10582425,1013.25,1.238242658,Autumn
2028-12,Red Sea Reefs,N/A,18.93121302,1013.25,1.155011566,Winter
2029-01,Red Sea Reefs,N/A,17.10031326,1013.25,5.75530401,Winter
2029-02,Red Sea Reefs,N/A,17.96201155,1013.25,3.118885419,Winter
2029-03,Red Sea Reefs,N/A,21.07923515,1013.25,7.821244129,Spring
2029-04,Red Sea Reefs,N/A,24.74805339,1013.25,1.688497149,Spring
2029-05,Red Sea Reefs,N/A,28.78968605,1013.25,3.762177675,Spring
2029-06,Red Sea Reefs,N/A,31.524636,1013.25,0.04502937624,Summer
2029-07,Red Sea Reefs,N/A,32.77006344,1013.25,0,Summer
2029-08,Red Sea Reefs,N/A,33.45768223,1013.25,0,Summer
2029-09,Red Sea Reefs,N/A,31.29659459,1013.25,0.00396505608,Autumn
2029-10,Red Sea Reefs,N/A,27.6970239,1013.25,0.7122660514,Autumn
2029-11,Red Sea Reefs,N/A,23.4219615,1013.25,0.7171361171,Autumn
2029-12,Red Sea Reefs,N/A,19.08502564,1013.25,2.362716427,Winter
2030-01,Red Sea Reefs,N/A,17.18751363,1013.25,8.778556995,Winter
2030-02,Red Sea Reefs,N/A,19.0584233,1013.25,3.742649346,Winter
2030-03,Red Sea Reefs,N/A,20.94605144,1013.25,4.50693897,Spring
2030-04,Red Sea Reefs,N/A,24.59960835,1013.25,1.37789901,Spring
2030-05,Red Sea Reefs,N/A,28.72953071,1013.25,1.29266248,Spring
2030-06,Red Sea Reefs,N/A,31.8043484,1013.25,0.0270068267,Summer
2030-07,Red Sea Reefs,N/A,32.70724072,1013.25,0,Summer
2030-08,Red Sea Reefs,N/A,33.28820015,1013.25,2.06E-20,Summer
2030-09,Red Sea Reefs,N/A,31.28403151,1013.25,0.01390635736,Autumn
2030-10,Red Sea Reefs,N/A,28.14705041,1013.25,0.798912419,Autumn
2030-11,Red Sea Reefs,N/A,23.65011697,1013.25,0.6834751893,Autumn
2030-12,Red Sea Reefs,N/A,18.99486182,1013.25,6.687822388,Winter
2026-01,Dababia,N/A,16.65603027,1013.25,0,Winter
2026-02,Dababia,N/A,18.84307251,1013.25,0,Winter
2026-03,Dababia,N/A,22.87185059,1013.25,0,Spring
2026-04,Dababia,N/A,27.89455566,1013.25,0,Spring
2026-05,Dababia,N/A,31.76821289,1013.25,0,Spring
2026-06,Dababia,N/A,34.67189941,1013.25,0,Summer
2026-07,Dababia,N/A,34.96196899,1013.25,0,Summer
2026-08,Dababia,N/A,35.15441284,1013.25,0,Summer
2026-09,Dababia,N/A,32.97472534,1013.25,0,Autumn
2026-10,Dababia,N/A,29.06151733,1013.25,0,Autumn
2026-11,Dababia,N/A,23.64708862,1013.25,0,Autumn
2026-12,Dababia,N/A,17.85744629,1013.25,0,Winter
2027-01,Dababia,N/A,16.39190063,1013.25,0,Winter
2027-02,Dababia,N/A,19.16518555,1013.25,0,Winter
2027-03,Dababia,N/A,22.27138672,1013.25,0,Spring
2027-04,Dababia,N/A,27.44194946,1013.25,0,Spring
2027-05,Dababia,N/A,31.90221558,1013.25,0,Spring
2027-06,Dababia,N/A,34.76119385,1013.25,0,Summer
2027-07,Dababia,N/A,35.06740723,1013.25,0,Summer
2027-08,Dababia,N/A,35.17705688,1013.25,0,Summer
2027-09,Dababia,N/A,33.3059021,1013.25,0,Autumn
2027-10,Dababia,N/A,29.21853027,1013.25,0,Autumn
2027-11,Dababia,N/A,23.56087646,1013.25,0,Autumn
2027-12,Dababia,N/A,18.62185059,1013.25,0,Winter
2028-01,Dababia,N/A,16.81875,1013.25,0,Winter
2028-02,Dababia,N/A,18.69075928,1013.25,0,Winter
2028-03,Dababia,N/A,22.91848145,1013.25,0,Spring
2028-04,Dababia,N/A,27.66799316,1013.25,0,Spring
2028-05,Dababia,N/A,31.63897095,1013.25,0,Spring
2028-06,Dababia,N/A,34.43630371,1013.25,0,Summer
2028-07,Dababia,N/A,35.35286865,1013.25,0,Summer
2028-08,Dababia,N/A,35.07619629,1013.25,0,Summer
2028-09,Dababia,N/A,33.0390564,1013.25,0,Autumn
2028-10,Dababia,N/A,29.45653687,1013.25,0,Autumn
2028-11,Dababia,N/A,23.41640625,1013.25,0,Autumn
2028-12,Dababia,N/A,18.36055908,1013.25,0,Winter
2029-01,Dababia,N/A,16.55150757,1013.25,0,Winter
2029-02,Dababia,N/A,18.3623291,1013.25,0,Winter
2029-03,Dababia,N/A,22.89269409,1013.25,0,Spring
2029-04,Dababia,N/A,27.56252441,1013.25,0,Spring
2029-05,Dababia,N/A,31.82290039,1013.25,0,Spring
2029-06,Dababia,N/A,34.42989502,1013.25,0,Summer
2029-07,Dababia,N/A,35.14452515,1013.25,0,Summer
2029-08,Dababia,N/A,35.5697876,1013.25,0,Summer
2029-09,Dababia,N/A,33.24352417,1013.25,0,Autumn
2029-10,Dababia,N/A,29.24678955,1013.25,0,Autumn
2029-11,Dababia,N/A,23.61803589,1013.25,0,Autumn
2029-12,Dababia,N/A,18.34432373,1013.25,0,Winter
2030-01,Dababia,N/A,16.64394531,1013.25,0,Winter
2030-02,Dababia,N/A,19.60015259,1013.25,0,Winter
2030-03,Dababia,N/A,22.56401978,1013.25,0,Spring
2030-04,Dababia,N/A,27.30843506,1013.25,0,Spring
2030-05,Dababia,N/A,31.68511353,1013.25,0,Spring
2030-06,Dababia,N/A,34.80700073,1013.25,0,Summer
2030-07,Dababia,N/A,34.97521362,1013.25,0,Summer
2030-08,Dababia,N/A,35.40352783,1013.25,0,Summer
2030-09,Dababia,N/A,33.20198975,1013.25,0,Autumn
2030-10,Dababia,N/A,29.76870117,1013.25,0,Autumn
2030-11,Dababia,N/A,23.89541016,1013.25,0,Autumn
2030-12,Dababia,N/A,18.31798706,1013.25,0,Winter
2026-01,Wadi El Rayan,N/A,15.15240959,1013.25,4.454171375,Winter
2026-02,Wadi El Rayan,N/A,16.16738171,1013.25,2.233286802,Winter
2026-03,Wadi El Rayan,N/A,18.84216749,1013.25,2.083343633,Spring
2026-04,Wadi El Rayan,N/A,22.96670274,1013.25,1.313820282,Spring
2026-05,Wadi El Rayan,N/A,26.46515931,1013.25,0.1052498304,Spring
2026-06,Wadi El Rayan,N/A,29.5744764,1013.25,0,Summer
2026-07,Wadi El Rayan,N/A,30.25895784,1013.25,4.38E-16,Summer
2026-08,Wadi El Rayan,N/A,30.8440237,1013.25,1.36E-17,Summer
2026-09,Wadi El Rayan,N/A,28.70100312,1013.25,0.001125373341,Autumn
2026-10,Wadi El Rayan,N/A,25.54467064,1013.25,0.2322611901,Autumn
2026-11,Wadi El Rayan,N/A,21.00331972,1013.25,1.453944593,Autumn
2026-12,Wadi El Rayan,N/A,16.42246452,1013.25,4.628839638,Winter
2027-01,Wadi El Rayan,N/A,14.91975867,1013.25,4.317984108,Winter
2027-02,Wadi El Rayan,N/A,16.50827613,1013.25,2.299566207,Winter
2027-03,Wadi El Rayan,N/A,18.60196991,1013.25,2.564962149,Spring
2027-04,Wadi El Rayan,N/A,22.47769708,1013.25,0.8603176694,Spring
2027-05,Wadi El Rayan,N/A,26.4721904,1013.25,0.1336174764,Spring
2027-06,Wadi El Rayan,N/A,29.30128682,1013.25,0,Summer
2027-07,Wadi El Rayan,N/A,30.26225164,1013.25,3.48E-16,Summer
2027-08,Wadi El Rayan,N/A,30.62169906,1013.25,7.63E-06,Summer
2027-09,Wadi El Rayan,N/A,28.63776912,1013.25,0.03130585259,Autumn
2027-10,Wadi El Rayan,N/A,25.69783348,1013.25,0.6017753319,Autumn
2027-11,Wadi El Rayan,N/A,20.98600605,1013.25,1.104982626,Autumn
2027-12,Wadi El Rayan,N/A,16.96449222,1013.25,2.876856958,Winter
2028-01,Wadi El Rayan,N/A,15.25640744,1013.25,4.435918257,Winter
2028-02,Wadi El Rayan,N/A,16.30945797,1013.25,2.575336171,Winter
2028-03,Wadi El Rayan,N/A,19.10380041,1013.25,1.294049176,Spring
2028-04,Wadi El Rayan,N/A,22.62532169,1013.25,1.086026334,Spring
2028-05,Wadi El Rayan,N/A,26.30770752,1013.25,0.08088636349,Spring
2028-06,Wadi El Rayan,N/A,29.13234753,1013.25,0,Summer
2028-07,Wadi El Rayan,N/A,30.41883069,1013.25,1.55E-08,Summer
2028-08,Wadi El Rayan,N/A,30.58393343,1013.25,1.58E-05,Summer
2028-09,Wadi El Rayan,N/A,28.73958322,1013.25,4.35E-04,Autumn
2028-10,Wadi El Rayan,N/A,25.90302956,1013.25,2.014392401,Autumn
2028-11,Wadi El Rayan,N/A,20.91826452,1013.25,2.63595124,Autumn
2028-12,Wadi El Rayan,N/A,16.81154238,1013.25,2.812361705,Winter
2029-01,Wadi El Rayan,N/A,15.13133502,1013.25,6.269850126,Winter
2029-02,Wadi El Rayan,N/A,16.03013909,1013.25,3.008798091,Winter
2029-03,Wadi El Rayan,N/A,18.96519732,1013.25,2.522393352,Spring
2029-04,Wadi El Rayan,N/A,22.62232381,1013.25,1.12779767,Spring
2029-05,Wadi El Rayan,N/A,26.52413194,1013.25,0.1124050423,Spring
2029-06,Wadi El Rayan,N/A,29.12130942,1013.25,0,Summer
2029-07,Wadi El Rayan,N/A,30.46851536,1013.25,3.66E-06,Summer
2029-08,Wadi El Rayan,N/A,31.0904802,1013.25,2.51E-04,Summer
2029-09,Wadi El Rayan,N/A,28.7406073,1013.25,0.001452661163,Autumn
2029-10,Wadi El Rayan,N/A,25.71055935,1013.25,0.2728099894,Autumn
2029-11,Wadi El Rayan,N/A,21.278647,1013.25,1.279023799,Autumn
2029-12,Wadi El Rayan,N/A,16.80849675,1013.25,3.63153851,Winter
2030-01,Wadi El Rayan,N/A,15.03711216,1013.25,5.935419579,Winter
2030-02,Wadi El Rayan,N/A,16.79812599,1013.25,2.108306391,Winter
2030-03,Wadi El Rayan,N/A,18.71144759,1013.25,1.185657525,Spring
2030-04,Wadi El Rayan,N/A,22.28885684,1013.25,0.7939873839,Spring
2030-05,Wadi El Rayan,N/A,26.4062757,1013.25,0.2593425419,Spring
2030-06,Wadi El Rayan,N/A,29.28171664,1013.25,3.68E-05,Summer
2030-07,Wadi El Rayan,N/A,30.2817057,1013.25,1.63E-17,Summer
2030-08,Wadi El Rayan,N/A,30.65665858,1013.25,0.001174908883,Summer
2030-09,Wadi El Rayan,N/A,28.87668305,1013.25,0.08297602495,Autumn
2030-10,Wadi El Rayan,N/A,26.0076043,1013.25,8.266734666,Autumn
2030-11,Wadi El Rayan,N/A,21.52576572,1013.25,1.355148833,Autumn
2030-12,Wadi El Rayan,N/A,16.74067469,1013.25,3.402244247,Winter
2026-01,Salouga and Ghazal Reserve,N/A,19.10852715,1013.25,0.005017524429,Winter
2026-02,Salouga and Ghazal Reserve,N/A,20.82504634,1013.25,8.17E-06,Winter
2026-03,Salouga and Ghazal Reserve,N/A,23.6287806,1013.25,0.01314990877,Spring
2026-04,Salouga and Ghazal Reserve,N/A,27.73236008,1013.25,0.1742712872,Spring
2026-05,Salouga and Ghazal Reserve,N/A,31.00955537,1013.25,0.5626280102,Spring
2026-06,Salouga and Ghazal Reserve,N/A,33.53372135,1013.25,0.0467996694,Summer
2026-07,Salouga and Ghazal Reserve,N/A,34.00761444,1013.25,1.10E-05,Summer
2026-08,Salouga and Ghazal Reserve,N/A,34.31780483,1013.25,0.006237440008,Summer
2026-09,Salouga and Ghazal Reserve,N/A,32.65924096,1013.25,2.39E-05,Autumn
2026-10,Salouga and Ghazal Reserve,N/A,29.52411648,1013.25,0.1607160556,Autumn
2026-11,Salouga and Ghazal Reserve,N/A,24.98655133,1013.25,1.048086907,Autumn
2026-12,Salouga and Ghazal Reserve,N/A,20.08161516,1013.25,0.0569163939,Winter
2027-01,Salouga and Ghazal Reserve,N/A,18.80817417,1013.25,0.009790266359,Winter
2027-02,Salouga and Ghazal Reserve,N/A,21.01575785,1013.25,6.64E-05,Winter
2027-03,Salouga and Ghazal Reserve,N/A,23.33711922,1013.25,0.002196465773,Spring
2027-04,Salouga and Ghazal Reserve,N/A,27.55300932,1013.25,0.4205263278,Spring
2027-05,Salouga and Ghazal Reserve,N/A,31.28455679,1013.25,0.2606103164,Spring
2027-06,Salouga and Ghazal Reserve,N/A,33.74293808,1013.25,0.04265953701,Summer
2027-07,Salouga and Ghazal Reserve,N/A,34.28910044,1013.25,4.22E-05,Summer
2027-08,Salouga and Ghazal Reserve,N/A,34.47680751,1013.25,0.006382788771,Summer
2027-09,Salouga and Ghazal Reserve,N/A,33.00222109,1013.25,1.10E-05,Autumn
2027-10,Salouga and Ghazal Reserve,N/A,29.66658297,1013.25,0.07023018976,Autumn
2027-11,Salouga and Ghazal Reserve,N/A,24.85124543,1013.25,0.5016547352,Autumn
2027-12,Salouga and Ghazal Reserve,N/A,20.6368172,1013.25,0.03659414788,Winter
2028-01,Salouga and Ghazal Reserve,N/A,19.10266665,1013.25,0.002788626972,Winter
2028-02,Salouga and Ghazal Reserve,N/A,20.49613861,1013.25,1.16E-06,Winter
2028-03,Salouga and Ghazal Reserve,N/A,23.62397496,1013.25,0.006775099986,Spring
2028-04,Salouga and Ghazal Reserve,N/A,27.68549753,1013.25,0.9085068051,Spring
2028-05,Salouga and Ghazal Reserve,N/A,30.93343557,1013.25,0.5510068567,Spring
2028-06,Salouga and Ghazal Reserve,N/A,33.36278517,1013.25,0.02509566871,Summer
2028-07,Salouga and Ghazal Reserve,N/A,34.43099227,1013.25,5.59E-06,Summer
2028-08,Salouga and Ghazal Reserve,N/A,34.38902737,1013.25,0.001202330766,Summer
2028-09,Salouga and Ghazal Reserve,N/A,32.62067928,1013.25,1.87E-04,Autumn
2028-10,Salouga and Ghazal Reserve,N/A,29.77965434,1013.25,0.0874743556,Autumn
2028-11,Salouga and Ghazal Reserve,N/A,24.82572813,1013.25,0.6355331383,Autumn
2028-12,Salouga and Ghazal Reserve,N/A,20.37888551,1013.25,0.09443715778,Winter
2029-01,Salouga and Ghazal Reserve,N/A,19.00455088,1013.25,0.003280877089,Winter
2029-02,Salouga and Ghazal Reserve,N/A,20.17408328,1013.25,1.24E-04,Winter
2029-03,Salouga and Ghazal Reserve,N/A,23.69062562,1013.25,0.03778582693,Spring
2029-04,Salouga and Ghazal Reserve,N/A,27.45454928,1013.25,0.02334959232,Spring
2029-05,Salouga and Ghazal Reserve,N/A,31.24560489,1013.25,0.1583415712,Spring
2029-06,Salouga and Ghazal Reserve,N/A,33.52992672,1013.25,0.1117613691,Summer
2029-07,Salouga and Ghazal Reserve,N/A,34.15008744,1013.25,2.30E-05,Summer
2029-08,Salouga and Ghazal Reserve,N/A,34.84035735,1013.25,0.004936445267,Summer
2029-09,Salouga and Ghazal Reserve,N/A,32.97563651,1013.25,4.84E-07,Autumn
2029-10,Salouga and Ghazal Reserve,N/A,29.6343845,1013.25,0.06049924773,Autumn
2029-11,Salouga and Ghazal Reserve,N/A,24.82738269,1013.25,0.2974425308,Autumn
2029-12,Salouga and Ghazal Reserve,N/A,20.41238211,1013.25,0.2654622234,Winter
2030-01,Salouga and Ghazal Reserve,N/A,19.07687743,1013.25,0.01245185658,Winter
2030-02,Salouga and Ghazal Reserve,N/A,21.34028587,1013.25,1.78E-04,Winter
2030-03,Salouga and Ghazal Reserve,N/A,23.52640333,1013.25,0.005577647485,Spring
2030-04,Salouga and Ghazal Reserve,N/A,27.54903592,1013.25,0.3203461063,Spring
2030-05,Salouga and Ghazal Reserve,N/A,31.03005565,1013.25,0.9842917852,Spring
2030-06,Salouga and Ghazal Reserve,N/A,33.79795989,1013.25,0.02401719985,Summer
2030-07,Salouga and Ghazal Reserve,N/A,34.16113743,1013.25,1.34E-05,Summer
2030-08,Salouga and Ghazal Reserve,N/A,34.61945449,1013.25,0.00821134658,Summer
2030-09,Salouga and Ghazal Reserve,N/A,32.82532254,1013.25,5.18E-05,Autumn
2030-10,Salouga and Ghazal Reserve,N/A,29.97867192,1013.25,0.05079797424,Autumn
2030-11,Salouga and Ghazal Reserve,N/A,24.99624369,1013.25,0.6785990409,Autumn
2030-12,Salouga and Ghazal Reserve,N/A,20.47430178,1013.25,0.03670730386,Winter
2026-01,Qarun Reserve,N/A,14.70067398,1013.25,6.003686953,Winter
2026-02,Qarun Reserve,N/A,15.60100053,1013.25,3.194519036,Winter
2026-03,Qarun Reserve,N/A,18.11101956,1013.25,2.696819708,Spring
2026-04,Qarun Reserve,N/A,22.07311125,1013.25,1.485840452,Spring
2026-05,Qarun Reserve,N/A,25.5940684,1013.25,0.2190022006,Spring
2026-06,Qarun Reserve,N/A,28.67107511,1013.25,0,Summer
2026-07,Qarun Reserve,N/A,29.37073351,1013.25,1.43E-15,Summer
2026-08,Qarun Reserve,N/A,30.00283784,1013.25,4.97E-15,Summer
2026-09,Qarun Reserve,N/A,28.02230407,1013.25,0.002499398342,Autumn
2026-10,Qarun Reserve,N/A,25.02798455,1013.25,0.4650390696,Autumn
2026-11,Qarun Reserve,N/A,20.60247099,1013.25,2.611804141,Autumn
2026-12,Qarun Reserve,N/A,16.0522685,1013.25,6.43235761,Winter
2027-01,Qarun Reserve,N/A,14.43528034,1013.25,5.72564049,Winter
2027-02,Qarun Reserve,N/A,15.92295157,1013.25,3.369929511,Winter
2027-03,Qarun Reserve,N/A,17.87521716,1013.25,3.342337066,Spring
2027-04,Qarun Reserve,N/A,21.60697051,1013.25,1.198673403,Spring
2027-05,Qarun Reserve,N/A,25.58924232,1013.25,0.4449218437,Spring
2027-06,Qarun Reserve,N/A,28.37353406,1013.25,0,Summer
2027-07,Qarun Reserve,N/A,29.39422723,1013.25,2.20E-15,Summer
2027-08,Qarun Reserve,N/A,29.79352549,1013.25,2.21E-15,Summer
2027-09,Qarun Reserve,N/A,27.95900607,1013.25,0.02871629294,Autumn
2027-10,Qarun Reserve,N/A,25.14403874,1013.25,1.040984023,Autumn
2027-11,Qarun Reserve,N/A,20.58794031,1013.25,2.320457989,Autumn
2027-12,Qarun Reserve,N/A,16.59847061,1013.25,4.827278476,Winter
2028-01,Qarun Reserve,N/A,14.7755534,1013.25,5.311578832,Winter
2028-02,Qarun Reserve,N/A,15.76724003,1013.25,3.195219095,Winter
2028-03,Qarun Reserve,N/A,18.35179436,1013.25,2.127906723,Spring
2028-04,Qarun Reserve,N/A,21.74731546,1013.25,1.682642404,Spring
2028-05,Qarun Reserve,N/A,25.4388817,1013.25,0.183715752,Spring
2028-06,Qarun Reserve,N/A,28.26883466,1013.25,0,Summer
2028-07,Qarun Reserve,N/A,29.51979873,1013.25,6.03E-08,Summer
2028-08,Qarun Reserve,N/A,29.77928202,1013.25,0.002117641169,Summer
2028-09,Qarun Reserve,N/A,28.063228,1013.25,0.002246085863,Autumn
2028-10,Qarun Reserve,N/A,25.37728665,1013.25,0.718215813,Autumn
2028-11,Qarun Reserve,N/A,20.53001575,1013.25,3.436513398,Autumn
2028-12,Qarun Reserve,N/A,16.43301413,1013.25,4.227926557,Winter
2029-01,Qarun Reserve,N/A,14.67561732,1013.25,7.764941696,Winter
2029-02,Qarun Reserve,N/A,15.48081046,1013.25,4.494686573,Winter
2029-03,Qarun Reserve,N/A,18.20199199,1013.25,2.978156537,Spring
2029-04,Qarun Reserve,N/A,21.75550326,1013.25,1.624738693,Spring
2029-05,Qarun Reserve,N/A,25.64267523,1013.25,0.1353092651,Spring
2029-06,Qarun Reserve,N/A,28.23385585,1013.25,0,Summer
2029-07,Qarun Reserve,N/A,29.59051254,1013.25,9.66E-05,Summer
2029-08,Qarun Reserve,N/A,30.24298314,1013.25,8.52E-04,Summer
2029-09,Qarun Reserve,N/A,28.0592398,1013.25,0.003803425496,Autumn
2029-10,Qarun Reserve,N/A,25.17395308,1013.25,1.00209045,Autumn
2029-11,Qarun Reserve,N/A,20.86999454,1013.25,2.320936091,Autumn
2029-12,Qarun Reserve,N/A,16.44621523,1013.25,5.788137931,Winter
2030-01,Qarun Reserve,N/A,14.56333285,1013.25,6.993891294,Winter
2030-02,Qarun Reserve,N/A,16.21185647,1013.25,2.789538058,Winter
2030-03,Qarun Reserve,N/A,17.95926416,1013.25,1.899150932,Spring
2030-04,Qarun Reserve,N/A,21.45073272,1013.25,1.23502481,Spring
2030-05,Qarun Reserve,N/A,25.52926943,1013.25,0.3603026491,Spring
2030-06,Qarun Reserve,N/A,28.39134968,1013.25,0,Summer
2030-07,Qarun Reserve,N/A,29.42378804,1013.25,1.05E-17,Summer
2030-08,Qarun Reserve,N/A,29.83250233,1013.25,0.001842698827,Summer
2030-09,Qarun Reserve,N/A,28.19296815,1013.25,0.09023207894,Autumn
2030-10,Qarun Reserve,N/A,25.46930969,1013.25,1.605659819,Autumn
2030-11,Qarun Reserve,N/A,21.12373935,1013.25,2.939615992,Autumn
2030-12,Qarun Reserve,N/A,16.37285205,1013.25,5.329755684,Winter
2026-01,Siwa Reserve,N/A,14.96710159,1013.25,3.02711238,Winter
2026-02,Siwa Reserve,N/A,16.15929995,1013.25,0.8750851819,Winter
2026-03,Siwa Reserve,N/A,19.23070153,1013.25,0.1969070451,Spring
2026-04,Siwa Reserve,N/A,23.2986673,1013.25,0.1242701678,Spring
2026-05,Siwa Reserve,N/A,26.70771269,1013.25,0.09497072322,Spring
2026-06,Siwa Reserve,N/A,30.28382626,1013.25,5.16E-04,Summer
2026-07,Siwa Reserve,N/A,30.90831688,1013.25,5.15E-17,Summer
2026-08,Siwa Reserve,N/A,31.5107121,1013.25,2.88E-04,Summer
2026-09,Siwa Reserve,N/A,29.35739432,1013.25,0.004979013376,Autumn
2026-10,Siwa Reserve,N/A,25.48620922,1013.25,0.4859566678,Autumn
2026-11,Siwa Reserve,N/A,20.71450654,1013.25,0.4547674221,Autumn
2026-12,Siwa Reserve,N/A,16.05580254,1013.25,1.978243576,Winter
2027-01,Siwa Reserve,N/A,14.79219205,1013.25,2.657350651,Winter
2027-02,Siwa Reserve,N/A,16.44483311,1013.25,0.8707573419,Winter
2027-03,Siwa Reserve,N/A,19.06020561,1013.25,0.2371831158,Spring
2027-04,Siwa Reserve,N/A,23.02659373,1013.25,0.09608886804,Spring
2027-05,Siwa Reserve,N/A,26.74095534,1013.25,0.06056103798,Spring
2027-06,Siwa Reserve,N/A,29.96570978,1013.25,0.001418923474,Summer
2027-07,Siwa Reserve,N/A,30.90080299,1013.25,1.96E-19,Summer
2027-08,Siwa Reserve,N/A,31.28010806,1013.25,3.91E-04,Summer
2027-09,Siwa Reserve,N/A,29.21699377,1013.25,0.03048905009,Autumn
2027-10,Siwa Reserve,N/A,25.62406172,1013.25,0.9965226785,Autumn
2027-11,Siwa Reserve,N/A,20.50002035,1013.25,0.5055345875,Autumn
2027-12,Siwa Reserve,N/A,16.62640737,1013.25,1.047771519,Winter
2028-01,Siwa Reserve,N/A,15.18860782,1013.25,3.172428664,Winter
2028-02,Siwa Reserve,N/A,16.28415846,1013.25,1.066219264,Winter
2028-03,Siwa Reserve,N/A,19.59677758,1013.25,0.1254509417,Spring
2028-04,Siwa Reserve,N/A,23.05174678,1013.25,0.05526928391,Spring
2028-05,Siwa Reserve,N/A,26.56660039,1013.25,0.04143816406,Spring
2028-06,Siwa Reserve,N/A,29.78232232,1013.25,4.07E-04,Summer
2028-07,Siwa Reserve,N/A,31.19474542,1013.25,1.86E-05,Summer
2028-08,Siwa Reserve,N/A,31.19650567,1013.25,2.29E-05,Summer
2028-09,Siwa Reserve,N/A,29.2800997,1013.25,0.1111396393,Autumn
2028-10,Siwa Reserve,N/A,25.78623723,1013.25,1.055108927,Autumn
2028-11,Siwa Reserve,N/A,20.42156883,1013.25,1.655604411,Autumn
2028-12,Siwa Reserve,N/A,16.45021315,1013.25,1.314681997,Winter
2029-01,Siwa Reserve,N/A,15.07179728,1013.25,3.924544638,Winter
2029-02,Siwa Reserve,N/A,16.04870995,1013.25,1.374078095,Winter
2029-03,Siwa Reserve,N/A,19.35093382,1013.25,0.2580921658,Spring
2029-04,Siwa Reserve,N/A,23.0021774,1013.25,0.07532263902,Spring
2029-05,Siwa Reserve,N/A,26.67495584,1013.25,0.1259464347,Spring
2029-06,Siwa Reserve,N/A,29.72320338,1013.25,0.003294178805,Summer
2029-07,Siwa Reserve,N/A,31.1065938,1013.25,1.80E-06,Summer
2029-08,Siwa Reserve,N/A,31.73845979,1013.25,1.01E-04,Summer
2029-09,Siwa Reserve,N/A,29.24859457,1013.25,0.04494112375,Autumn
2029-10,Siwa Reserve,N/A,25.72210169,1013.25,0.8570611748,Autumn
2029-11,Siwa Reserve,N/A,20.83311304,1013.25,0.4531881464,Autumn
2029-12,Siwa Reserve,N/A,16.47311249,1013.25,1.541607701,Winter
2030-01,Siwa Reserve,N/A,15.04802514,1013.25,2.721081478,Winter
2030-02,Siwa Reserve,N/A,16.85525787,1013.25,1.425281673,Winter
2030-03,Siwa Reserve,N/A,19.10568387,1013.25,0.1592063679,Spring
2030-04,Siwa Reserve,N/A,22.63488858,1013.25,0.1305114737,Spring
2030-05,Siwa Reserve,N/A,26.76097863,1013.25,0.1316306861,Spring
2030-06,Siwa Reserve,N/A,29.9846161,1013.25,0.003428524135,Summer
2030-07,Siwa Reserve,N/A,30.89248308,1013.25,3.26E-06,Summer
2030-08,Siwa Reserve,N/A,31.23949389,1013.25,2.52E-07,Summer
2030-09,Siwa Reserve,N/A,29.35837788,1013.25,0.5233234806,Autumn
2030-10,Siwa Reserve,N/A,25.85329968,1013.25,1.945051793,Autumn
2030-11,Siwa Reserve,N/A,21.00731104,1013.25,0.4280002146,Autumn
2030-12,Siwa Reserve,N/A,16.40259946,1013.25,1.836228714,Winter
2026-01,Burullus Reserve,N/A,15.55977818,1013.25,37.95160443,Winter
2026-02,Burullus Reserve,N/A,15.55396925,1013.25,22.24935745,Winter
2026-03,Burullus Reserve,N/A,16.92222935,1013.25,14.08653912,Spring
2026-04,Burullus Reserve,N/A,19.34383026,1013.25,4.858343486,Spring
2026-05,Burullus Reserve,N/A,22.22107214,1013.25,1.42176476,Spring
2026-06,Burullus Reserve,N/A,25.49113545,1013.25,0.09307955184,Summer
2026-07,Burullus Reserve,N/A,27.21950901,1013.25,0.02116583156,Summer
2026-08,Burullus Reserve,N/A,27.9708682,1013.25,0.002727362378,Summer
2026-09,Burullus Reserve,N/A,26.45083253,1013.25,0.3750890756,Autumn
2026-10,Burullus Reserve,N/A,23.94082978,1013.25,5.818422451,Autumn
2026-11,Burullus Reserve,N/A,20.660288,1013.25,20.9074192,Autumn
2026-12,Burullus Reserve,N/A,17.053416,1013.25,38.30328504,Winter
2027-01,Burullus Reserve,N/A,15.23983694,1013.25,37.20524526,Winter
2027-02,Burullus Reserve,N/A,15.7061515,1013.25,24.89531158,Winter
2027-03,Burullus Reserve,N/A,16.73746008,1013.25,16.9345326,Spring
2027-04,Burullus Reserve,N/A,19.08944814,1013.25,3.580232916,Spring
2027-05,Burullus Reserve,N/A,22.17618682,1013.25,1.387249228,Spring
2027-06,Burullus Reserve,N/A,25.28811246,1013.25,0.09144519774,Summer
2027-07,Burullus Reserve,N/A,27.22183999,1013.25,0.007684493116,Summer
2027-08,Burullus Reserve,N/A,27.76916693,1013.25,6.18E-16,Summer
2027-09,Burullus Reserve,N/A,26.38518936,1013.25,0.5196804252,Autumn
2027-10,Burullus Reserve,N/A,23.89828996,1013.25,8.976284838,Autumn
2027-11,Burullus Reserve,N/A,20.5588428,1013.25,28.41176175,Autumn
2027-12,Burullus Reserve,N/A,17.56424098,1013.25,36.59878204,Winter
2028-01,Burullus Reserve,N/A,15.58438012,1013.25,34.95807715,Winter
2028-02,Burullus Reserve,N/A,15.65380873,1013.25,25.82237215,Winter
2028-03,Burullus Reserve,N/A,17.13007609,1013.25,11.51320922,Spring
2028-04,Burullus Reserve,N/A,19.20814419,1013.25,3.805375249,Spring
2028-05,Burullus Reserve,N/A,22.16604081,1013.25,1.415620008,Spring
2028-06,Burullus Reserve,N/A,25.36273032,1013.25,0.00883574768,Summer
2028-07,Burullus Reserve,N/A,27.30043707,1013.25,0.03312817289,Summer
2028-08,Burullus Reserve,N/A,27.87403242,1013.25,3.96E-16,Summer
2028-09,Burullus Reserve,N/A,26.44446629,1013.25,0.458630954,Autumn
2028-10,Burullus Reserve,N/A,24.16507498,1013.25,8.975496642,Autumn
2028-11,Burullus Reserve,N/A,20.58822877,1013.25,24.08298458,Autumn
2028-12,Burullus Reserve,N/A,17.34871602,1013.25,37.97658505,Winter
2029-01,Burullus Reserve,N/A,15.45827693,1013.25,41.50270646,Winter
2029-02,Burullus Reserve,N/A,15.4021248,1013.25,34.016206,Winter
2029-03,Burullus Reserve,N/A,16.84975088,1013.25,12.87870681,Spring
2029-04,Burullus Reserve,N/A,19.17727514,1013.25,5.767732727,Spring
2029-05,Burullus Reserve,N/A,22.1559491,1013.25,1.103599289,Spring
2029-06,Burullus Reserve,N/A,25.18932846,1013.25,0.04209372046,Summer
2029-07,Burullus Reserve,N/A,27.35014094,1013.25,0.01295861415,Summer
2029-08,Burullus Reserve,N/A,28.11878901,1013.25,0,Summer
2029-09,Burullus Reserve,N/A,26.42912471,1013.25,0.3369888455,Autumn
2029-10,Burullus Reserve,N/A,23.99981542,1013.25,10.44178166,Autumn
2029-11,Burullus Reserve,N/A,20.82784164,1013.25,20.36015473,Autumn
2029-12,Burullus Reserve,N/A,17.42384784,1013.25,41.54073556,Winter
2030-01,Burullus Reserve,N/A,15.39962404,1013.25,36.53956171,Winter
2030-02,Burullus Reserve,N/A,15.99862671,1013.25,19.34313059,Winter
2030-03,Burullus Reserve,N/A,16.75553561,1013.25,16.11000266,Spring
2030-04,Burullus Reserve,N/A,19.01154736,1013.25,4.971420583,Spring
2030-05,Burullus Reserve,N/A,22.22847409,1013.25,1.357390461,Spring
2030-06,Burullus Reserve,N/A,25.46524511,1013.25,0.02545701473,Summer
2030-07,Burullus Reserve,N/A,27.2834058,1013.25,0.02357931118,Summer
2030-08,Burullus Reserve,N/A,27.88492404,1013.25,1.96E-16,Summer
2030-09,Burullus Reserve,N/A,26.6035204,1013.25,0.8424969491,Autumn
2030-10,Burullus Reserve,N/A,24.21029039,1013.25,11.85609979,Autumn
2030-11,Burullus Reserve,N/A,21.08086814,1013.25,24.10324702,Autumn
2030-12,Burullus Reserve,N/A,17.39316939,1013.25,38.01933399,Winter
2026-01,Ashtoum Al-Gamil Reserve,N/A,14.25457813,1013.25,54.63245768,Winter
2026-02,Ashtoum Al-Gamil Reserve,N/A,14.9181606,1013.25,38.75404108,Winter
2026-03,Ashtoum Al-Gamil Reserve,N/A,17.31899167,1013.25,26.787159,Spring
2026-04,Ashtoum Al-Gamil Reserve,N/A,20.54013936,1013.25,8.095511175,Spring
2026-05,Ashtoum Al-Gamil Reserve,N/A,23.79129408,1013.25,1.380772534,Spring
2026-06,Ashtoum Al-Gamil Reserve,N/A,27.14692036,1013.25,0.01181348718,Summer
2026-07,Ashtoum Al-Gamil Reserve,N/A,28.77815502,1013.25,0.01297313369,Summer
2026-08,Ashtoum Al-Gamil Reserve,N/A,29.29112334,1013.25,0.008885798912,Summer
2026-09,Ashtoum Al-Gamil Reserve,N/A,27.2847097,1013.25,0.1208993595,Autumn
2026-10,Ashtoum Al-Gamil Reserve,N/A,24.19063886,1013.25,4.369383719,Autumn
2026-11,Ashtoum Al-Gamil Reserve,N/A,20.17298155,1013.25,22.84356499,Autumn
2026-12,Ashtoum Al-Gamil Reserve,N/A,15.80016562,1013.25,50.99791505,Winter
2027-01,Ashtoum Al-Gamil Reserve,N/A,13.92499159,1013.25,51.69518629,Winter
2027-02,Ashtoum Al-Gamil Reserve,N/A,15.11273903,1013.25,41.76476448,Winter
2027-03,Ashtoum Al-Gamil Reserve,N/A,17.11213445,1013.25,33.01932337,Spring
2027-04,Ashtoum Al-Gamil Reserve,N/A,20.22332813,1013.25,6.880368729,Spring
2027-05,Ashtoum Al-Gamil Reserve,N/A,23.81897187,1013.25,1.347235021,Spring
2027-06,Ashtoum Al-Gamil Reserve,N/A,26.96428338,1013.25,0.01642807074,Summer
2027-07,Ashtoum Al-Gamil Reserve,N/A,28.86378487,1013.25,0.009907836877,Summer
2027-08,Ashtoum Al-Gamil Reserve,N/A,29.11633268,1013.25,0,Summer
2027-09,Ashtoum Al-Gamil Reserve,N/A,27.23870157,1013.25,0.1843388661,Autumn
2027-10,Ashtoum Al-Gamil Reserve,N/A,24.16924933,1013.25,8.978937331,Autumn
2027-11,Ashtoum Al-Gamil Reserve,N/A,20.02098999,1013.25,30.32089967,Autumn
2027-12,Ashtoum Al-Gamil Reserve,N/A,16.39591163,1013.25,49.23692546,Winter
2028-01,Ashtoum Al-Gamil Reserve,N/A,14.28137669,1013.25,51.67573444,Winter
2028-02,Ashtoum Al-Gamil Reserve,N/A,15.0312274,1013.25,42.83167481,Winter
2028-03,Ashtoum Al-Gamil Reserve,N/A,17.53027888,1013.25,23.8656596,Spring
2028-04,Ashtoum Al-Gamil Reserve,N/A,20.38829214,1013.25,8.065916374,Spring
2028-05,Ashtoum Al-Gamil Reserve,N/A,23.75772227,1013.25,1.081611079,Spring
2028-06,Ashtoum Al-Gamil Reserve,N/A,27.0019165,1013.25,0.00257921419,Summer
2028-07,Ashtoum Al-Gamil Reserve,N/A,28.9129157,1013.25,0.06049443975,Summer
2028-08,Ashtoum Al-Gamil Reserve,N/A,29.18220693,1013.25,0,Summer
2028-09,Ashtoum Al-Gamil Reserve,N/A,27.29493639,1013.25,0.2867259352,Autumn
2028-10,Ashtoum Al-Gamil Reserve,N/A,24.47081002,1013.25,8.576864539,Autumn
2028-11,Ashtoum Al-Gamil Reserve,N/A,20.04561355,1013.25,27.27966286,Autumn
2028-12,Ashtoum Al-Gamil Reserve,N/A,16.12543599,1013.25,47.63870546,Winter
2029-01,Ashtoum Al-Gamil Reserve,N/A,14.16070524,1013.25,57.7698669,Winter
2029-02,Ashtoum Al-Gamil Reserve,N/A,14.74070171,1013.25,53.22078472,Winter
2029-03,Ashtoum Al-Gamil Reserve,N/A,17.27408299,1013.25,23.89232639,Spring
2029-04,Ashtoum Al-Gamil Reserve,N/A,20.33445336,1013.25,11.61817761,Spring
2029-05,Ashtoum Al-Gamil Reserve,N/A,23.77396092,1013.25,0.7757259722,Spring
2029-06,Ashtoum Al-Gamil Reserve,N/A,26.84925026,1013.25,0.002683804472,Summer
2029-07,Ashtoum Al-Gamil Reserve,N/A,28.9828125,1013.25,0.01048297369,Summer
2029-08,Ashtoum Al-Gamil Reserve,N/A,29.47066733,1013.25,0,Summer
2029-09,Ashtoum Al-Gamil Reserve,N/A,27.33125726,1013.25,0.1003780852,Autumn
2029-10,Ashtoum Al-Gamil Reserve,N/A,24.29515579,1013.25,11.71628495,Autumn
2029-11,Ashtoum Al-Gamil Reserve,N/A,20.33185029,1013.25,22.21946248,Autumn
2029-12,Ashtoum Al-Gamil Reserve,N/A,16.27057017,1013.25,53.983307,Winter
2030-01,Ashtoum Al-Gamil Reserve,N/A,14.12962185,1013.25,52.65606476,Winter
2030-02,Ashtoum Al-Gamil Reserve,N/A,15.4221584,1013.25,33.46671407,Winter
2030-03,Ashtoum Al-Gamil Reserve,N/A,17.13536163,1013.25,30.8366428,Spring
2030-04,Ashtoum Al-Gamil Reserve,N/A,20.14253078,1013.25,7.84449233,Spring
2030-05,Ashtoum Al-Gamil Reserve,N/A,23.81358841,1013.25,1.251737978,Spring
2030-06,Ashtoum Al-Gamil Reserve,N/A,27.11955929,1013.25,0.00814551229,Summer
2030-07,Ashtoum Al-Gamil Reserve,N/A,28.88297383,1013.25,0.007228909505,Summer
2030-08,Ashtoum Al-Gamil Reserve,N/A,29.2452645,1013.25,3.64E-16,Summer
2030-09,Ashtoum Al-Gamil Reserve,N/A,27.53817469,1013.25,0.4993968652,Autumn
2030-10,Ashtoum Al-Gamil Reserve,N/A,24.56408576,1013.25,10.07455699,Autumn
2030-11,Ashtoum Al-Gamil Reserve,N/A,20.58736737,1013.25,25.50038331,Autumn
2030-12,Ashtoum Al-Gamil Reserve,N/A,16.18460462,1013.25,50.6448851,Winter
2026-01,El-Wahat El-Bahreya,N/A,14.84179345,1013.25,2.338384026,Winter
2026-02,El-Wahat El-Bahreya,N/A,16.06519283,1013.25,1.016074174,Winter
2026-03,El-Wahat El-Bahreya,N/A,19.11981769,1013.25,0.6581018542,Spring
2026-04,El-Wahat El-Bahreya,N/A,23.35689376,1013.25,0.7360048752,Spring
2026-05,El-Wahat El-Bahreya,N/A,26.67884029,1013.25,0.01434445943,Spring
2026-06,El-Wahat El-Bahreya,N/A,30.04432255,1013.25,5.54E-06,Summer
2026-07,El-Wahat El-Bahreya,N/A,30.83977179,1013.25,3.77E-17,Summer
2026-08,El-Wahat El-Bahreya,N/A,31.52871522,1013.25,0,Summer
2026-09,El-Wahat El-Bahreya,N/A,29.15315252,1013.25,9.58E-06,Autumn
2026-10,El-Wahat El-Bahreya,N/A,25.32874692,1013.25,0.07143147197,Autumn
2026-11,El-Wahat El-Bahreya,N/A,20.631976,1013.25,0.5825073537,Autumn
2026-12,El-Wahat El-Bahreya,N/A,15.93192042,1013.25,2.353201895,Winter
2027-01,El-Wahat El-Bahreya,N/A,14.68596213,1013.25,2.495777445,Winter
2027-02,El-Wahat El-Bahreya,N/A,16.32927642,1013.25,0.9983282805,Winter
2027-03,El-Wahat El-Bahreya,N/A,18.92075688,1013.25,1.286855553,Spring
2027-04,El-Wahat El-Bahreya,N/A,22.94278522,1013.25,0.2155938809,Spring
2027-05,El-Wahat El-Bahreya,N/A,26.66785771,1013.25,0.009036603223,Spring
2027-06,El-Wahat El-Bahreya,N/A,29.81350098,1013.25,5.08E-05,Summer
2027-07,El-Wahat El-Bahreya,N/A,30.8265807,1013.25,0,Summer
2027-08,El-Wahat El-Bahreya,N/A,31.26959957,1013.25,0,Summer
2027-09,El-Wahat El-Bahreya,N/A,29.07194685,1013.25,0.007580748324,Autumn
2027-10,El-Wahat El-Bahreya,N/A,25.53311404,1013.25,0.5849024953,Autumn
2027-11,El-Wahat El-Bahreya,N/A,20.50726029,1013.25,0.5646215553,Autumn
2027-12,El-Wahat El-Bahreya,N/A,16.48712619,1013.25,1.608217352,Winter
2028-01,El-Wahat El-Bahreya,N/A,15.01189629,1013.25,3.58535331,Winter
2028-02,El-Wahat El-Bahreya,N/A,16.12565083,1013.25,1.5159924,Winter
2028-03,El-Wahat El-Bahreya,N/A,19.43256076,1013.25,0.4850555666,Spring
2028-04,El-Wahat El-Bahreya,N/A,23.04100738,1013.25,0.1550996951,Spring
2028-05,El-Wahat El-Bahreya,N/A,26.50603638,1013.25,0.003666855937,Spring
2028-06,El-Wahat El-Bahreya,N/A,29.55774226,1013.25,3.88E-18,Summer
2028-07,El-Wahat El-Bahreya,N/A,31.09027721,1013.25,0,Summer
2028-08,El-Wahat El-Bahreya,N/A,31.20741491,1013.25,8.11E-19,Summer
2028-09,El-Wahat El-Bahreya,N/A,29.13761211,1013.25,4.44E-04,Autumn
2028-10,El-Wahat El-Bahreya,N/A,25.69366059,1013.25,0.2831275674,Autumn
2028-11,El-Wahat El-Bahreya,N/A,20.45502491,1013.25,5.825749068,Autumn
2028-12,El-Wahat El-Bahreya,N/A,16.35954879,1013.25,1.508964221,Winter
2029-01,El-Wahat El-Bahreya,N/A,14.87132536,1013.25,4.130924664,Winter
2029-02,El-Wahat El-Bahreya,N/A,15.92015027,1013.25,1.82356084,Winter
2029-03,El-Wahat El-Bahreya,N/A,19.29002439,1013.25,1.256555161,Spring
2029-04,El-Wahat El-Bahreya,N/A,23.00369081,1013.25,0.3986961371,Spring
2029-05,El-Wahat El-Bahreya,N/A,26.65710535,1013.25,0.02116374718,Spring
2029-06,El-Wahat El-Bahreya,N/A,29.55502726,1013.25,8.27E-06,Summer
2029-07,El-Wahat El-Bahreya,N/A,31.06723751,1013.25,2.10E-17,Summer
2029-08,El-Wahat El-Bahreya,N/A,31.76872687,1013.25,0,Summer
2029-09,El-Wahat El-Bahreya,N/A,29.12037022,1013.25,0.00413634872,Autumn
2029-10,El-Wahat El-Bahreya,N/A,25.59193372,1013.25,0.04192912894,Autumn
2029-11,El-Wahat El-Bahreya,N/A,20.85241303,1013.25,0.5084135483,Autumn
2029-12,El-Wahat El-Bahreya,N/A,16.36902477,1013.25,1.745799515,Winter
2030-01,El-Wahat El-Bahreya,N/A,14.81345922,1013.25,3.74925014,Winter
2030-02,El-Wahat El-Bahreya,N/A,16.71756228,1013.25,2.09166943,Winter
2030-03,El-Wahat El-Bahreya,N/A,19.01865941,1013.25,0.617403088,Spring
2030-04,El-Wahat El-Bahreya,N/A,22.66857782,1013.25,0.3823204009,Spring
2030-05,El-Wahat El-Bahreya,N/A,26.66429304,1013.25,0.01802332103,Spring
2030-06,El-Wahat El-Bahreya,N/A,29.79842262,1013.25,8.76E-05,Summer
2030-07,El-Wahat El-Bahreya,N/A,30.83130772,1013.25,0,Summer
2030-08,El-Wahat El-Bahreya,N/A,31.25375452,1013.25,7.05E-18,Summer
2030-09,El-Wahat El-Bahreya,N/A,29.24148538,1013.25,0.02300926591,Autumn
2030-10,El-Wahat El-Bahreya,N/A,25.78528453,1013.25,2.132443136,Autumn
2030-11,El-Wahat El-Bahreya,N/A,21.05650388,1013.25,1.177276447,Autumn
2030-12,El-Wahat El-Bahreya,N/A,16.31754589,1013.25,2.247695779,Winter
2026-01,Qattara Depression,N/A,14.83535926,1013.25,7.432979197,Winter
2026-02,Qattara Depression,N/A,15.98867383,1013.25,2.705475484,Winter
2026-03,Qattara Depression,N/A,19.02079676,1013.25,0.9773561788,Spring
2026-04,Qattara Depression,N/A,23.05558534,1013.25,0.5058543592,Spring
2026-05,Qattara Depression,N/A,26.46115226,1013.25,0.2519073836,Spring
2026-06,Qattara Depression,N/A,29.98268176,1013.25,0.004623018402,Summer
2026-07,Qattara Depression,N/A,30.71011425,1013.25,0.001422851716,Summer
2026-08,Qattara Depression,N/A,31.31079359,1013.25,6.91E-05,Summer
2026-09,Qattara Depression,N/A,29.08566793,1013.25,0.03099975543,Autumn
2026-10,Qattara Depression,N/A,25.24336299,1013.25,0.9591627331,Autumn
2026-11,Qattara Depression,N/A,20.53722002,1013.25,1.890095644,Autumn
2026-12,Qattara Depression,N/A,15.94660827,1013.25,6.049967253,Winter
2027-01,Qattara Depression,N/A,14.64190071,1013.25,6.89663672,Winter
2027-02,Qattara Depression,N/A,16.26305661,1013.25,2.513387686,Winter
2027-03,Qattara Depression,N/A,18.85313285,1013.25,1.191892681,Spring
2027-04,Qattara Depression,N/A,22.78360765,1013.25,0.265603307,Spring
2027-05,Qattara Depression,N/A,26.45822847,1013.25,0.1441409462,Spring
2027-06,Qattara Depression,N/A,29.66213097,1013.25,0.003916847025,Summer
2027-07,Qattara Depression,N/A,30.70292517,1013.25,4.95E-17,Summer
2027-08,Qattara Depression,N/A,31.07561661,1013.25,3.79E-04,Summer
2027-09,Qattara Depression,N/A,28.96304757,1013.25,0.09031479658,Autumn
2027-10,Qattara Depression,N/A,25.38077264,1013.25,1.799238444,Autumn
2027-11,Qattara Depression,N/A,20.37457747,1013.25,2.268042194,Autumn
2027-12,Qattara Depression,N/A,16.49134663,1013.25,4.101658687,Winter
2028-01,Qattara Depression,N/A,15.01937671,1013.25,7.059064522,Winter
2028-02,Qattara Depression,N/A,16.12033633,1013.25,2.937194799,Winter
2028-03,Qattara Depression,N/A,19.34372544,1013.25,0.6619161073,Spring
2028-04,Qattara Depression,N/A,22.81060015,1013.25,0.2357230589,Spring
2028-05,Qattara Depression,N/A,26.32747203,1013.25,0.1085830362,Spring
2028-06,Qattara Depression,N/A,29.50451197,1013.25,0.001196213972,Summer
2028-07,Qattara Depression,N/A,30.96750148,1013.25,3.02E-05,Summer
2028-08,Qattara Depression,N/A,31.0081205,1013.25,8.26E-06,Summer
2028-09,Qattara Depression,N/A,29.03911154,1013.25,0.09005139201,Autumn
2028-10,Qattara Depression,N/A,25.53951298,1013.25,2.200334613,Autumn
2028-11,Qattara Depression,N/A,20.29468253,1013.25,3.655229482,Autumn
2028-12,Qattara Depression,N/A,16.32613474,1013.25,5.008870301,Winter
2029-01,Qattara Depression,N/A,14.91070609,1013.25,8.517956604,Winter
2029-02,Qattara Depression,N/A,15.88346942,1013.25,4.188971954,Winter
2029-03,Qattara Depression,N/A,19.12275787,1013.25,1.032509036,Spring
2029-04,Qattara Depression,N/A,22.76949374,1013.25,0.3057609658,Spring
2029-05,Qattara Depression,N/A,26.43318419,1013.25,0.2586982205,Spring
2029-06,Qattara Depression,N/A,29.44906845,1013.25,0.007006512476,Summer
2029-07,Qattara Depression,N/A,30.91485742,1013.25,6.53E-06,Summer
2029-08,Qattara Depression,N/A,31.525488,1013.25,6.69E-06,Summer
2029-09,Qattara Depression,N/A,28.99906454,1013.25,0.1096650486,Autumn
2029-10,Qattara Depression,N/A,25.46647792,1013.25,1.557509199,Autumn
2029-11,Qattara Depression,N/A,20.68828494,1013.25,1.931709352,Autumn
2029-12,Qattara Depression,N/A,16.32859777,1013.25,5.396622089,Winter
2030-01,Qattara Depression,N/A,14.86529228,1013.25,6.687208859,Winter
2030-02,Qattara Depression,N/A,16.63233283,1013.25,3.422902488,Winter
2030-03,Qattara Depression,N/A,18.8968039,1013.25,0.7968516335,Spring
2030-04,Qattara Depression,N/A,22.45625705,1013.25,0.4355509678,Spring
2030-05,Qattara Depression,N/A,26.47720357,1013.25,0.3207867902,Spring
2030-06,Qattara Depression,N/A,29.70183094,1013.25,0.008634898916,Summer
2030-07,Qattara Depression,N/A,30.71644423,1013.25,2.72E-04,Summer
2030-08,Qattara Depression,N/A,31.04110464,1013.25,2.52E-07,Summer
2030-09,Qattara Depression,N/A,29.12556764,1013.25,0.4026839657,Autumn
2030-10,Qattara Depression,N/A,25.61632118,1013.25,2.80624449,Autumn
2030-11,Qattara Depression,N/A,20.89263589,1013.25,1.826299187,Autumn
2030-12,Qattara Depression,N/A,16.27361098,1013.25,5.318567402,Winter
2026-01,AL-Qasr,N/A,14.52448542,1013.25,32.87068539,Winter
2026-02,AL-Qasr,N/A,14.94841637,1013.25,13.65401289,Winter
2026-03,AL-Qasr,N/A,16.92191426,1013.25,7.739231187,Spring
2026-04,AL-Qasr,N/A,19.4638772,1013.25,6.854105047,Spring
2026-05,AL-Qasr,N/A,22.25238694,1013.25,3.408505846,Spring
2026-06,AL-Qasr,N/A,25.87792446,1013.25,0.1713438295,Summer
2026-07,AL-Qasr,N/A,27.34738992,1013.25,0,Summer
2026-08,AL-Qasr,N/A,28.20220967,1013.25,0.02441955197,Summer
2026-09,AL-Qasr,N/A,26.58298499,1013.25,0.6423676343,Autumn
2026-10,AL-Qasr,N/A,23.68611353,1013.25,6.817098931,Autumn
2026-11,AL-Qasr,N/A,19.94134352,1013.25,11.50530482,Autumn
2026-12,AL-Qasr,N/A,15.85739682,1013.25,27.39127276,Winter
2027-01,AL-Qasr,N/A,14.21422186,1013.25,30.14111505,Winter
2027-02,AL-Qasr,N/A,15.17609494,1013.25,14.03956329,Winter
2027-03,AL-Qasr,N/A,16.71928056,1013.25,9.213599447,Spring
2027-04,AL-Qasr,N/A,19.38365125,1013.25,4.045694214,Spring
2027-05,AL-Qasr,N/A,22.24373085,1013.25,2.570222439,Spring
2027-06,AL-Qasr,N/A,25.45815336,1013.25,0.2772071129,Summer
2027-07,AL-Qasr,N/A,27.27914102,1013.25,0,Summer
2027-08,AL-Qasr,N/A,27.9508624,1013.25,0.0164881229,Summer
2027-09,AL-Qasr,N/A,26.41514357,1013.25,1.023950778,Autumn
2027-10,AL-Qasr,N/A,23.64653606,1013.25,12.7164687,Autumn
2027-11,AL-Qasr,N/A,19.7458951,1013.25,14.89618785,Autumn
2027-12,AL-Qasr,N/A,16.36334456,1013.25,19.3261451,Winter
2028-01,AL-Qasr,N/A,14.64242961,1013.25,27.95326486,Winter
2028-02,AL-Qasr,N/A,15.06701546,1013.25,14.18987258,Winter
2028-03,AL-Qasr,N/A,17.11735225,1013.25,5.706376813,Spring
2028-04,AL-Qasr,N/A,19.24343089,1013.25,3.818725773,Spring
2028-05,AL-Qasr,N/A,22.19356247,1013.25,2.072660857,Spring
2028-06,AL-Qasr,N/A,25.50069583,1013.25,0.08297286734,Summer
2028-07,AL-Qasr,N/A,27.51807622,1013.25,0,Summer
2028-08,AL-Qasr,N/A,27.94614139,1013.25,0.01164501064,Summer
2028-09,AL-Qasr,N/A,26.55789997,1013.25,1.456730891,Autumn
2028-10,AL-Qasr,N/A,23.87929832,1013.25,13.73763699,Autumn
2028-11,AL-Qasr,N/A,19.70115079,1013.25,13.66733275,Autumn
2028-12,AL-Qasr,N/A,16.14212884,1013.25,27.07801511,Winter
2029-01,AL-Qasr,N/A,14.53492108,1013.25,30.84987351,Winter
2029-02,AL-Qasr,N/A,14.7874222,1013.25,20.56551446,Winter
2029-03,AL-Qasr,N/A,16.84140529,1013.25,7.318623174,Spring
2029-04,AL-Qasr,N/A,19.27867641,1013.25,5.296964871,Spring
2029-05,AL-Qasr,N/A,22.18558865,1013.25,3.959208396,Spring
2029-06,AL-Qasr,N/A,25.37078023,1013.25,0.1930184993,Summer
2029-07,AL-Qasr,N/A,27.48827196,1013.25,0,Summer
2029-08,AL-Qasr,N/A,28.31290408,1013.25,0.004334550982,Summer
2029-09,AL-Qasr,N/A,26.47536238,1013.25,1.265732153,Autumn
2029-10,AL-Qasr,N/A,23.80268064,1013.25,9.13235951,Autumn
2029-11,AL-Qasr,N/A,20.0161176,1013.25,10.83769792,Autumn
2029-12,AL-Qasr,N/A,16.211227,1013.25,26.24577214,Winter
2030-01,AL-Qasr,N/A,14.48683786,1013.25,26.96618864,Winter
2030-02,AL-Qasr,N/A,15.39402223,1013.25,14.83250291,Winter
2030-03,AL-Qasr,N/A,16.70450355,1013.25,7.320673125,Spring
2030-04,AL-Qasr,N/A,19.02645873,1013.25,5.87663865,Spring
2030-05,AL-Qasr,N/A,22.26046807,1013.25,4.780464674,Spring
2030-06,AL-Qasr,N/A,25.66235964,1013.25,0.1022603058,Summer
2030-07,AL-Qasr,N/A,27.32401444,1013.25,0,Summer
2030-08,AL-Qasr,N/A,27.95304813,1013.25,0.01248068766,Summer
2030-09,AL-Qasr,N/A,26.60237786,1013.25,1.788157258,Autumn
2030-10,AL-Qasr,N/A,23.93552934,1013.25,14.86307787,Autumn
2030-11,AL-Qasr,N/A,20.28757842,1013.25,10.70911216,Autumn
2030-12,AL-Qasr,N/A,16.13099069,1013.25,25.41678997,Winter
2026-01,Umm Al-Dabadib,N/A,14.81822215,1013.25,0,Winter
2026-02,Umm Al-Dabadib,N/A,16.85790555,1013.25,0,Winter
2026-03,Umm Al-Dabadib,N/A,20.77860887,1013.25,0,Spring
2026-04,Umm Al-Dabadib,N/A,26.11235293,1013.25,0,Spring
2026-05,Umm Al-Dabadib,N/A,30.15202013,1013.25,0,Spring
2026-06,Umm Al-Dabadib,N/A,32.82504506,1013.25,0,Summer
2026-07,Umm Al-Dabadib,N/A,32.98848409,1013.25,0,Summer
2026-08,Umm Al-Dabadib,N/A,33.35361184,1013.25,0,Summer
2026-09,Umm Al-Dabadib,N/A,31.00177846,1013.25,0,Autumn
2026-10,Umm Al-Dabadib,N/A,27.1240553,1013.25,0,Autumn
2026-11,Umm Al-Dabadib,N/A,21.55261484,1013.25,0,Autumn
2026-12,Umm Al-Dabadib,N/A,16.00964861,1013.25,0,Winter
2027-01,Umm Al-Dabadib,N/A,14.54793649,1013.25,0,Winter
2027-02,Umm Al-Dabadib,N/A,17.19486064,1013.25,0,Winter
2027-03,Umm Al-Dabadib,N/A,20.29323801,1013.25,0,Spring
2027-04,Umm Al-Dabadib,N/A,25.56445127,1013.25,0,Spring
2027-05,Umm Al-Dabadib,N/A,30.21794997,1013.25,0,Spring
2027-06,Umm Al-Dabadib,N/A,32.93751254,1013.25,0,Summer
2027-07,Umm Al-Dabadib,N/A,33.02324123,1013.25,0,Summer
2027-08,Umm Al-Dabadib,N/A,33.26604144,1013.25,0,Summer
2027-09,Umm Al-Dabadib,N/A,31.23834862,1013.25,0,Autumn
2027-10,Umm Al-Dabadib,N/A,27.43759266,1013.25,0,Autumn
2027-11,Umm Al-Dabadib,N/A,21.5199059,1013.25,0,Autumn
2027-12,Umm Al-Dabadib,N/A,16.78004453,1013.25,0,Winter
2028-01,Umm Al-Dabadib,N/A,15.06651319,1013.25,0,Winter
2028-02,Umm Al-Dabadib,N/A,16.73760091,1013.25,0,Winter
2028-03,Umm Al-Dabadib,N/A,20.94314419,1013.25,0,Spring
2028-04,Umm Al-Dabadib,N/A,25.84017172,1013.25,0,Spring
2028-05,Umm Al-Dabadib,N/A,29.96576895,1013.25,0,Spring
2028-06,Umm Al-Dabadib,N/A,32.62334993,1013.25,0,Summer
2028-07,Umm Al-Dabadib,N/A,33.33716635,1013.25,0,Summer
2028-08,Umm Al-Dabadib,N/A,33.14501996,1013.25,0,Summer
2028-09,Umm Al-Dabadib,N/A,31.12155413,1013.25,0,Autumn
2028-10,Umm Al-Dabadib,N/A,27.58814713,1013.25,0,Autumn
2028-11,Umm Al-Dabadib,N/A,21.4836917,1013.25,0,Autumn
2028-12,Umm Al-Dabadib,N/A,16.56892414,1013.25,0,Winter
2029-01,Umm Al-Dabadib,N/A,14.7364228,1013.25,0,Winter
2029-02,Umm Al-Dabadib,N/A,16.51378369,1013.25,0,Winter
2029-03,Umm Al-Dabadib,N/A,20.92684426,1013.25,0,Spring
2029-04,Umm Al-Dabadib,N/A,25.68428951,1013.25,0,Spring
2029-05,Umm Al-Dabadib,N/A,30.0895619,1013.25,0,Spring
2029-06,Umm Al-Dabadib,N/A,32.5802975,1013.25,0,Summer
2029-07,Umm Al-Dabadib,N/A,33.1743048,1013.25,0,Summer
2029-08,Umm Al-Dabadib,N/A,33.77005995,1013.25,0,Summer
2029-09,Umm Al-Dabadib,N/A,31.22000972,1013.25,0,Autumn
2029-10,Umm Al-Dabadib,N/A,27.3450364,1013.25,0,Autumn
2029-11,Umm Al-Dabadib,N/A,21.72898758,1013.25,0,Autumn
2029-12,Umm Al-Dabadib,N/A,16.52326204,1013.25,0,Winter
2030-01,Umm Al-Dabadib,N/A,14.78741909,1013.25,0,Winter
2030-02,Umm Al-Dabadib,N/A,17.6703022,1013.25,0,Winter
2030-03,Umm Al-Dabadib,N/A,20.47775237,1013.25,0,Spring
2030-04,Umm Al-Dabadib,N/A,25.24453702,1013.25,0,Spring
2030-05,Umm Al-Dabadib,N/A,30.10112213,1013.25,0,Spring
2030-06,Umm Al-Dabadib,N/A,32.9085935,1013.25,0,Summer
2030-07,Umm Al-Dabadib,N/A,32.97891896,1013.25,0,Summer
2030-08,Umm Al-Dabadib,N/A,33.41324566,1013.25,0,Summer
2030-09,Umm Al-Dabadib,N/A,31.31795208,1013.25,0,Autumn
2030-10,Umm Al-Dabadib,N/A,27.80206964,1013.25,0,Autumn
2030-11,Umm Al-Dabadib,N/A,21.98692906,1013.25,0,Autumn
2030-12,Umm Al-Dabadib,N/A,16.5012552,1013.25,0,Winter
2026-01,Karkar and Dongola,N/A,17.58549136,1013.25,0,Winter
2026-02,Karkar and Dongola,N/A,20.00726808,1013.25,0,Winter
2026-03,Karkar and Dongola,N/A,23.86983262,1013.25,0,Spring
2026-04,Karkar and Dongola,N/A,28.94137137,1013.25,0,Spring
2026-05,Karkar and Dongola,N/A,32.56138662,1013.25,0,Spring
2026-06,Karkar and Dongola,N/A,35.1046519,1013.25,0,Summer
2026-07,Karkar and Dongola,N/A,35.24426828,1013.25,0,Summer
2026-08,Karkar and Dongola,N/A,35.46349032,1013.25,0,Summer
2026-09,Karkar and Dongola,N/A,33.64507378,1013.25,0,Autumn
2026-10,Karkar and Dongola,N/A,30.01848837,1013.25,0,Autumn
2026-11,Karkar and Dongola,N/A,24.48499903,1013.25,0,Autumn
2026-12,Karkar and Dongola,N/A,18.65792196,1013.25,0,Winter
2027-01,Karkar and Dongola,N/A,17.34291253,1013.25,0,Winter
2027-02,Karkar and Dongola,N/A,20.26677807,1013.25,0,Winter
2027-03,Karkar and Dongola,N/A,23.36710271,1013.25,0,Spring
2027-04,Karkar and Dongola,N/A,28.59274537,1013.25,0,Spring
2027-05,Karkar and Dongola,N/A,32.86968386,1013.25,0,Spring
2027-06,Karkar and Dongola,N/A,35.23708678,1013.25,0,Summer
2027-07,Karkar and Dongola,N/A,35.35769373,1013.25,0,Summer
2027-08,Karkar and Dongola,N/A,35.56713048,1013.25,0,Summer
2027-09,Karkar and Dongola,N/A,34.06354609,1013.25,0,Autumn
2027-10,Karkar and Dongola,N/A,30.2285869,1013.25,0,Autumn
2027-11,Karkar and Dongola,N/A,24.36410762,1013.25,0,Autumn
2027-12,Karkar and Dongola,N/A,19.4043282,1013.25,0,Winter
2028-01,Karkar and Dongola,N/A,17.68127019,1013.25,0,Winter
2028-02,Karkar and Dongola,N/A,19.6668854,1013.25,0,Winter
2028-03,Karkar and Dongola,N/A,23.87959534,1013.25,0,Spring
2028-04,Karkar and Dongola,N/A,28.84558771,1013.25,0,Spring
2028-05,Karkar and Dongola,N/A,32.48076291,1013.25,0,Spring
2028-06,Karkar and Dongola,N/A,34.89455005,1013.25,0,Summer
2028-07,Karkar and Dongola,N/A,35.63180994,1013.25,0,Summer
2028-08,Karkar and Dongola,N/A,35.47835871,1013.25,0,Summer
2028-09,Karkar and Dongola,N/A,33.71751489,1013.25,0,Autumn
2028-10,Karkar and Dongola,N/A,30.46843069,1013.25,0,Autumn
2028-11,Karkar and Dongola,N/A,24.33233838,1013.25,0,Autumn
2028-12,Karkar and Dongola,N/A,19.14635936,1013.25,0,Winter
2029-01,Karkar and Dongola,N/A,17.47803278,1013.25,0,Winter
2029-02,Karkar and Dongola,N/A,19.33355916,1013.25,0,Winter
2029-03,Karkar and Dongola,N/A,23.98907722,1013.25,0,Spring
2029-04,Karkar and Dongola,N/A,28.59748653,1013.25,0,Spring
2029-05,Karkar and Dongola,N/A,32.73933077,1013.25,0,Spring
2029-06,Karkar and Dongola,N/A,34.94706831,1013.25,0,Summer
2029-07,Karkar and Dongola,N/A,35.44051745,1013.25,0,Summer
2029-08,Karkar and Dongola,N/A,35.99924392,1013.25,0,Summer
2029-09,Karkar and Dongola,N/A,33.98038011,1013.25,0,Autumn
2029-10,Karkar and Dongola,N/A,30.18866696,1013.25,0,Autumn
2029-11,Karkar and Dongola,N/A,24.37453834,1013.25,0,Autumn
2029-12,Karkar and Dongola,N/A,19.10941763,1013.25,0,Winter
2030-01,Karkar and Dongola,N/A,17.56582389,1013.25,0,Winter
2030-02,Karkar and Dongola,N/A,20.64376177,1013.25,0,Winter
2030-03,Karkar and Dongola,N/A,23.56534253,1013.25,0,Spring
2030-04,Karkar and Dongola,N/A,28.47482228,1013.25,0,Spring
2030-05,Karkar and Dongola,N/A,32.51537934,1013.25,0,Spring
2030-06,Karkar and Dongola,N/A,35.257285,1013.25,0,Summer
2030-07,Karkar and Dongola,N/A,35.24299847,1013.25,0,Summer
2030-08,Karkar and Dongola,N/A,35.81188553,1013.25,0,Summer
2030-09,Karkar and Dongola,N/A,33.90178284,1013.25,0,Autumn
2030-10,Karkar and Dongola,N/A,30.7178074,1013.25,0,Autumn
2030-11,Karkar and Dongola,N/A,24.63823644,1013.25,0,Autumn
2030-12,Karkar and Dongola,N/A,19.16705202,1013.25,0,Winter
2026-01,Malaha Ras Shaqir,N/A,16.65152692,1013.25,0.6315739163,Winter
2026-02,Malaha Ras Shaqir,N/A,17.6940736,1013.25,0.2983502154,Winter
2026-03,Malaha Ras Shaqir,N/A,20.39206128,1013.25,2.196035868,Spring
2026-04,Malaha Ras Shaqir,N/A,24.3659987,1013.25,3.067904059,Spring
2026-05,Malaha Ras Shaqir,N/A,27.90668208,1013.25,1.690599645,Spring
2026-06,Malaha Ras Shaqir,N/A,30.82497904,1013.25,0.4463421862,Summer
2026-07,Malaha Ras Shaqir,N/A,31.73641588,1013.25,0,Summer
2026-08,Malaha Ras Shaqir,N/A,32.25349708,1013.25,1.38E-16,Summer
2026-09,Malaha Ras Shaqir,N/A,30.18033033,1013.25,0.1790843235,Autumn
2026-10,Malaha Ras Shaqir,N/A,27.17664115,1013.25,0.6215784407,Autumn
2026-11,Malaha Ras Shaqir,N/A,23.05193539,1013.25,0.4893144735,Autumn
2026-12,Malaha Ras Shaqir,N/A,18.07140848,1013.25,0.6890634211,Winter
2027-01,Malaha Ras Shaqir,N/A,16.34027641,1013.25,0.5793873907,Winter
2027-02,Malaha Ras Shaqir,N/A,18.14225475,1013.25,0.9563225526,Winter
2027-03,Malaha Ras Shaqir,N/A,20.08338232,1013.25,2.357702855,Spring
2027-04,Malaha Ras Shaqir,N/A,23.9679395,1013.25,2.259993554,Spring
2027-05,Malaha Ras Shaqir,N/A,28.01118521,1013.25,2.28151036,Spring
2027-06,Malaha Ras Shaqir,N/A,30.78756622,1013.25,0.1118052717,Summer
2027-07,Malaha Ras Shaqir,N/A,31.96427681,1013.25,0,Summer
2027-08,Malaha Ras Shaqir,N/A,32.23484566,1013.25,0,Summer
2027-09,Malaha Ras Shaqir,N/A,30.38856328,1013.25,0.05323423811,Autumn
2027-10,Malaha Ras Shaqir,N/A,27.24892924,1013.25,1.173003753,Autumn
2027-11,Malaha Ras Shaqir,N/A,23.0122372,1013.25,0.3006299758,Autumn
2027-12,Malaha Ras Shaqir,N/A,18.76924761,1013.25,0.3147553966,Winter
2028-01,Malaha Ras Shaqir,N/A,16.73185436,1013.25,0.3739824571,Winter
2028-02,Malaha Ras Shaqir,N/A,17.77553365,1013.25,0.7211842905,Winter
2028-03,Malaha Ras Shaqir,N/A,20.5696068,1013.25,0.911585112,Spring
2028-04,Malaha Ras Shaqir,N/A,24.03179724,1013.25,5.03619674,Spring
2028-05,Malaha Ras Shaqir,N/A,27.73462628,1013.25,4.011570657,Spring
2028-06,Malaha Ras Shaqir,N/A,30.53257227,1013.25,0.1108126782,Summer
2028-07,Malaha Ras Shaqir,N/A,32.13344381,1013.25,0,Summer
2028-08,Malaha Ras Shaqir,N/A,32.2143891,1013.25,0,Summer
2028-09,Malaha Ras Shaqir,N/A,30.29534129,1013.25,0.006205556219,Autumn
2028-10,Malaha Ras Shaqir,N/A,27.49813923,1013.25,1.0107437,Autumn
2028-11,Malaha Ras Shaqir,N/A,22.83716419,1013.25,1.200462296,Autumn
2028-12,Malaha Ras Shaqir,N/A,18.52001228,1013.25,0.1604145925,Winter
2029-01,Malaha Ras Shaqir,N/A,16.50849966,1013.25,0.6709581895,Winter
2029-02,Malaha Ras Shaqir,N/A,17.45594667,1013.25,0.6888908936,Winter
2029-03,Malaha Ras Shaqir,N/A,20.46661976,1013.25,4.88279411,Spring
2029-04,Malaha Ras Shaqir,N/A,24.00919639,1013.25,2.901690206,Spring
2029-05,Malaha Ras Shaqir,N/A,27.96341081,1013.25,7.218355295,Spring
2029-06,Malaha Ras Shaqir,N/A,30.61420449,1013.25,0.03098227012,Summer
2029-07,Malaha Ras Shaqir,N/A,31.9894757,1013.25,0,Summer
2029-08,Malaha Ras Shaqir,N/A,32.63188914,1013.25,0,Summer
2029-09,Malaha Ras Shaqir,N/A,30.39544298,1013.25,1.02E-04,Autumn
2029-10,Malaha Ras Shaqir,N/A,27.27185945,1013.25,0.3352038249,Autumn
2029-11,Malaha Ras Shaqir,N/A,23.19301988,1013.25,0.3723240317,Autumn
2029-12,Malaha Ras Shaqir,N/A,18.63066498,1013.25,0.3517510301,Winter
2030-01,Malaha Ras Shaqir,N/A,16.57678476,1013.25,1.221969391,Winter
2030-02,Malaha Ras Shaqir,N/A,18.48405739,1013.25,0.7042374787,Winter
2030-03,Malaha Ras Shaqir,N/A,20.26269669,1013.25,1.068579777,Spring
2030-04,Malaha Ras Shaqir,N/A,23.78496301,1013.25,1.070762207,Spring
2030-05,Malaha Ras Shaqir,N/A,27.91599685,1013.25,2.933400111,Spring
2030-06,Malaha Ras Shaqir,N/A,30.88156151,1013.25,0.02644839043,Summer
2030-07,Malaha Ras Shaqir,N/A,31.90479978,1013.25,0,Summer
2030-08,Malaha Ras Shaqir,N/A,32.40411976,1013.25,5.85E-17,Summer
2030-09,Malaha Ras Shaqir,N/A,30.44576761,1013.25,0.01900887991,Autumn
2030-10,Malaha Ras Shaqir,N/A,27.70062336,1013.25,2.611223082,Autumn
2030-11,Malaha Ras Shaqir,N/A,23.43400107,1013.25,0.4186350527,Autumn
2030-12,Malaha Ras Shaqir,N/A,18.52974566,1013.25,0.5748038044,Winter
2026-01,Jabal Shayeb Al-Banat,N/A,14.7514206,1013.25,2.057358293,Winter
2026-02,Jabal Shayeb Al-Banat,N/A,15.93037839,1013.25,0.4204763053,Winter
2026-03,Jabal Shayeb Al-Banat,N/A,18.82371415,1013.25,4.909213541,Spring
2026-04,Jabal Shayeb Al-Banat,N/A,22.88971547,1013.25,6.258532875,Spring
2026-05,Jabal Shayeb Al-Banat,N/A,26.48025473,1013.25,4.774136688,Spring
2026-06,Jabal Shayeb Al-Banat,N/A,29.38443195,1013.25,1.001370099,Summer
2026-07,Jabal Shayeb Al-Banat,N/A,30.16563011,1013.25,0,Summer
2026-08,Jabal Shayeb Al-Banat,N/A,30.65310188,1013.25,2.31E-16,Summer
2026-09,Jabal Shayeb Al-Banat,N/A,28.6039478,1013.25,0.270346121,Autumn
2026-10,Jabal Shayeb Al-Banat,N/A,25.32701251,1013.25,0.957466379,Autumn
2026-11,Jabal Shayeb Al-Banat,N/A,21.14832713,1013.25,1.943169101,Autumn
2026-12,Jabal Shayeb Al-Banat,N/A,16.14509575,1013.25,1.879365913,Winter
2027-01,Jabal Shayeb Al-Banat,N/A,14.44572754,1013.25,2.032710362,Winter
2027-02,Jabal Shayeb Al-Banat,N/A,16.35245896,1013.25,2.485198479,Winter
2027-03,Jabal Shayeb Al-Banat,N/A,18.46596838,1013.25,6.480006832,Spring
2027-04,Jabal Shayeb Al-Banat,N/A,22.52800841,1013.25,2.834447297,Spring
2027-05,Jabal Shayeb Al-Banat,N/A,26.63803248,1013.25,5.106180144,Spring
2027-06,Jabal Shayeb Al-Banat,N/A,29.42018972,1013.25,0.5217731865,Summer
2027-07,Jabal Shayeb Al-Banat,N/A,30.38815946,1013.25,0,Summer
2027-08,Jabal Shayeb Al-Banat,N/A,30.68958776,1013.25,0,Summer
2027-09,Jabal Shayeb Al-Banat,N/A,28.89275917,1013.25,0.06776297405,Autumn
2027-10,Jabal Shayeb Al-Banat,N/A,25.43047202,1013.25,1.469569377,Autumn
2027-11,Jabal Shayeb Al-Banat,N/A,21.09312978,1013.25,1.032026489,Autumn
2027-12,Jabal Shayeb Al-Banat,N/A,16.83755628,1013.25,0.827736581,Winter
2028-01,Jabal Shayeb Al-Banat,N/A,14.85928743,1013.25,0.865505044,Winter
2028-02,Jabal Shayeb Al-Banat,N/A,15.93809557,1013.25,2.29885218,Winter
2028-03,Jabal Shayeb Al-Banat,N/A,18.9900728,1013.25,1.432065608,Spring
2028-04,Jabal Shayeb Al-Banat,N/A,22.61149648,1013.25,13.74091086,Spring
2028-05,Jabal Shayeb Al-Banat,N/A,26.31351055,1013.25,6.950234718,Spring
2028-06,Jabal Shayeb Al-Banat,N/A,29.11314784,1013.25,0.2935598941,Summer
2028-07,Jabal Shayeb Al-Banat,N/A,30.56567564,1013.25,0,Summer
2028-08,Jabal Shayeb Al-Banat,N/A,30.61680095,1013.25,3.20E-16,Summer
2028-09,Jabal Shayeb Al-Banat,N/A,28.69559724,1013.25,6.44E-04,Autumn
2028-10,Jabal Shayeb Al-Banat,N/A,25.64894252,1013.25,1.814818692,Autumn
2028-11,Jabal Shayeb Al-Banat,N/A,20.92218955,1013.25,2.760937679,Autumn
2028-12,Jabal Shayeb Al-Banat,N/A,16.53875618,1013.25,0.5345287255,Winter
2029-01,Jabal Shayeb Al-Banat,N/A,14.61987465,1013.25,1.694941526,Winter
2029-02,Jabal Shayeb Al-Banat,N/A,15.62029173,1013.25,1.359916417,Winter
2029-03,Jabal Shayeb Al-Banat,N/A,18.84522997,1013.25,11.33178583,Spring
2029-04,Jabal Shayeb Al-Banat,N/A,22.52595323,1013.25,4.917127145,Spring
2029-05,Jabal Shayeb Al-Banat,N/A,26.53509494,1013.25,14.75860356,Spring
2029-06,Jabal Shayeb Al-Banat,N/A,29.22531138,1013.25,0.1250255634,Summer
2029-07,Jabal Shayeb Al-Banat,N/A,30.3677023,1013.25,0,Summer
2029-08,Jabal Shayeb Al-Banat,N/A,31.07362994,1013.25,0,Summer
2029-09,Jabal Shayeb Al-Banat,N/A,28.85270502,1013.25,0.03273292867,Autumn
2029-10,Jabal Shayeb Al-Banat,N/A,25.42245799,1013.25,1.426250308,Autumn
2029-11,Jabal Shayeb Al-Banat,N/A,21.21883011,1013.25,1.534723097,Autumn
2029-12,Jabal Shayeb Al-Banat,N/A,16.64686189,1013.25,1.087931434,Winter
2030-01,Jabal Shayeb Al-Banat,N/A,14.71753951,1013.25,2.691148666,Winter
2030-02,Jabal Shayeb Al-Banat,N/A,16.71323838,1013.25,1.955574959,Winter
2030-03,Jabal Shayeb Al-Banat,N/A,18.66827308,1013.25,3.874130979,Spring
2030-04,Jabal Shayeb Al-Banat,N/A,22.34835784,1013.25,5.632069602,Spring
2030-05,Jabal Shayeb Al-Banat,N/A,26.4891773,1013.25,4.890625352,Spring
2030-06,Jabal Shayeb Al-Banat,N/A,29.51711158,1013.25,0.1210812521,Summer
2030-07,Jabal Shayeb Al-Banat,N/A,30.28968529,1013.25,0,Summer
2030-08,Jabal Shayeb Al-Banat,N/A,30.85425255,1013.25,1.30E-16,Summer
2030-09,Jabal Shayeb Al-Banat,N/A,28.82440512,1013.25,0.009038145186,Autumn
2030-10,Jabal Shayeb Al-Banat,N/A,25.89145961,1013.25,2.464814837,Autumn
2030-11,Jabal Shayeb Al-Banat,N/A,21.44220253,1013.25,1.530406848,Autumn
2030-12,Jabal Shayeb Al-Banat,N/A,16.58056343,1013.25,3.597948022,Winter
2026-01,Al-Maghara Mountain,N/A,14.22275606,1013.25,17.07505212,Winter
2026-02,Al-Maghara Mountain,N/A,14.71268715,1013.25,13.39655706,Winter
2026-03,Al-Maghara Mountain,N/A,17.02764512,1013.25,13.24659991,Spring
2026-04,Al-Maghara Mountain,N/A,20.27192177,1013.25,7.668554456,Spring
2026-05,Al-Maghara Mountain,N/A,23.31659455,1013.25,2.971827923,Spring
2026-06,Al-Maghara Mountain,N/A,26.54034615,1013.25,0.1632598796,Summer
2026-07,Al-Maghara Mountain,N/A,28.19656374,1013.25,6.56E-06,Summer
2026-08,Al-Maghara Mountain,N/A,28.82799251,1013.25,4.67E-04,Summer
2026-09,Al-Maghara Mountain,N/A,26.85802108,1013.25,0.1721465635,Autumn
2026-10,Al-Maghara Mountain,N/A,24.19673843,1013.25,1.927863529,Autumn
2026-11,Al-Maghara Mountain,N/A,20.39707512,1013.25,8.697700381,Autumn
2026-12,Al-Maghara Mountain,N/A,15.77661481,1013.25,17.79872407,Winter
2027-01,Al-Maghara Mountain,N/A,13.82204635,1013.25,16.89633458,Winter
2027-02,Al-Maghara Mountain,N/A,14.99275416,1013.25,13.30345675,Winter
2027-03,Al-Maghara Mountain,N/A,16.74012439,1013.25,16.3181261,Spring
2027-04,Al-Maghara Mountain,N/A,19.92573023,1013.25,4.832152007,Spring
2027-05,Al-Maghara Mountain,N/A,23.34510472,1013.25,2.139209959,Spring
2027-06,Al-Maghara Mountain,N/A,26.34105911,1013.25,0.06832955593,Summer
2027-07,Al-Maghara Mountain,N/A,28.42728838,1013.25,8.12E-05,Summer
2027-08,Al-Maghara Mountain,N/A,28.73576514,1013.25,2.38E-16,Summer
2027-09,Al-Maghara Mountain,N/A,26.90675036,1013.25,0.03192504141,Autumn
2027-10,Al-Maghara Mountain,N/A,24.25602431,1013.25,3.976378298,Autumn
2027-11,Al-Maghara Mountain,N/A,20.27466997,1013.25,10.065333,Autumn
2027-12,Al-Maghara Mountain,N/A,16.49293286,1013.25,17.52561427,Winter
2028-01,Al-Maghara Mountain,N/A,14.20772232,1013.25,15.35206334,Winter
2028-02,Al-Maghara Mountain,N/A,14.8515334,1013.25,13.48752691,Winter
2028-03,Al-Maghara Mountain,N/A,17.113811,1013.25,12.85462156,Spring
2028-04,Al-Maghara Mountain,N/A,20.02432509,1013.25,8.633396572,Spring
2028-05,Al-Maghara Mountain,N/A,23.22500693,1013.25,2.894737449,Spring
2028-06,Al-Maghara Mountain,N/A,26.2608433,1013.25,0.004072599085,Summer
2028-07,Al-Maghara Mountain,N/A,28.45047881,1013.25,8.38E-04,Summer
2028-08,Al-Maghara Mountain,N/A,28.73212509,1013.25,7.97E-19,Summer
2028-09,Al-Maghara Mountain,N/A,26.91956144,1013.25,0.2240755532,Autumn
2028-10,Al-Maghara Mountain,N/A,24.54685116,1013.25,3.243783128,Autumn
2028-11,Al-Maghara Mountain,N/A,20.17482487,1013.25,11.87598785,Autumn
2028-12,Al-Maghara Mountain,N/A,16.19516236,1013.25,14.85549344,Winter
2029-01,Al-Maghara Mountain,N/A,14.20658831,1013.25,17.60264746,Winter
2029-02,Al-Maghara Mountain,N/A,14.51362954,1013.25,16.61455831,Winter
2029-03,Al-Maghara Mountain,N/A,16.98836701,1013.25,14.04374839,Spring
2029-04,Al-Maghara Mountain,N/A,20.03964298,1013.25,8.192125629,Spring
2029-05,Al-Maghara Mountain,N/A,23.32354698,1013.25,2.872517727,Spring
2029-06,Al-Maghara Mountain,N/A,26.21783346,1013.25,0.00376967871,Summer
2029-07,Al-Maghara Mountain,N/A,28.5180982,1013.25,1.39E-04,Summer
2029-08,Al-Maghara Mountain,N/A,29.07794079,1013.25,1.14E-18,Summer
2029-09,Al-Maghara Mountain,N/A,27.00190917,1013.25,0.06571127302,Autumn
2029-10,Al-Maghara Mountain,N/A,24.31463031,1013.25,4.056484471,Autumn
2029-11,Al-Maghara Mountain,N/A,20.51813489,1013.25,8.099795161,Autumn
2029-12,Al-Maghara Mountain,N/A,16.4316505,1013.25,18.86954503,Winter
2030-01,Al-Maghara Mountain,N/A,14.14644559,1013.25,17.75952583,Winter
2030-02,Al-Maghara Mountain,N/A,15.37536956,1013.25,12.33393791,Winter
2030-03,Al-Maghara Mountain,N/A,16.77860012,1013.25,14.18648461,Spring
2030-04,Al-Maghara Mountain,N/A,19.78978076,1013.25,5.457015106,Spring
2030-05,Al-Maghara Mountain,N/A,23.22811072,1013.25,3.047445628,Spring
2030-06,Al-Maghara Mountain,N/A,26.42175331,1013.25,0.008691389126,Summer
2030-07,Al-Maghara Mountain,N/A,28.3872391,1013.25,3.50E-05,Summer
2030-08,Al-Maghara Mountain,N/A,28.80712267,1013.25,9.63E-19,Summer
2030-09,Al-Maghara Mountain,N/A,27.16831382,1013.25,0.1406883064,Autumn
2030-10,Al-Maghara Mountain,N/A,24.69023139,1013.25,3.85522375,Autumn
2030-11,Al-Maghara Mountain,N/A,20.7895382,1013.25,10.29911351,Autumn
2030-12,Al-Maghara Mountain,N/A,16.16644676,1013.25,15.89752259,Winter
2026-01,Wadi Qena,N/A,13.91239644,1013.25,0.5899106587,Winter
2026-02,Wadi Qena,N/A,15.34284104,1013.25,0.1623512318,Winter
2026-03,Wadi Qena,N/A,18.49342616,1013.25,3.400518382,Spring
2026-04,Wadi Qena,N/A,22.98155091,1013.25,5.259821103,Spring
2026-05,Wadi Qena,N/A,26.76150424,1013.25,3.421204313,Spring
2026-06,Wadi Qena,N/A,29.51739303,1013.25,0.8222349086,Summer
2026-07,Wadi Qena,N/A,30.0444067,1013.25,0,Summer
2026-08,Wadi Qena,N/A,30.4988841,1013.25,4.95E-17,Summer
2026-09,Wadi Qena,N/A,28.38126708,1013.25,0.001265394198,Autumn
2026-10,Wadi Qena,N/A,25.17359768,1013.25,1.64E-05,Autumn
2026-11,Wadi Qena,N/A,20.58530577,1013.25,0.1810126251,Autumn
2026-12,Wadi Qena,N/A,15.31467498,1013.25,1.032904496,Winter
2027-01,Wadi Qena,N/A,13.63304618,1013.25,0.7505050066,Winter
2027-02,Wadi Qena,N/A,15.75997495,1013.25,0.8458472077,Winter
2027-03,Wadi Qena,N/A,18.10530673,1013.25,3.325534291,Spring
2027-04,Wadi Qena,N/A,22.5264537,1013.25,3.607518642,Spring
2027-05,Wadi Qena,N/A,26.83399036,1013.25,5.780001344,Spring
2027-06,Wadi Qena,N/A,29.49994339,1013.25,0.3682921122,Summer
2027-07,Wadi Qena,N/A,30.20418106,1013.25,0,Summer
2027-08,Wadi Qena,N/A,30.47330999,1013.25,2.70E-16,Summer
2027-09,Wadi Qena,N/A,28.60357348,1013.25,4.41E-04,Autumn
2027-10,Wadi Qena,N/A,25.29813825,1013.25,3.30E-08,Autumn
2027-11,Wadi Qena,N/A,20.52558622,1013.25,0.07409833556,Autumn
2027-12,Wadi Qena,N/A,16.03030099,1013.25,0.2382947899,Winter
2028-01,Wadi Qena,N/A,14.06055156,1013.25,0.3592944112,Winter
2028-02,Wadi Qena,N/A,15.36393912,1013.25,0.5521346821,Winter
2028-03,Wadi Qena,N/A,18.67885277,1013.25,0.770610697,Spring
2028-04,Wadi Qena,N/A,22.66972538,1013.25,8.705014342,Spring
2028-05,Wadi Qena,N/A,26.5837936,1013.25,6.174568758,Spring
2028-06,Wadi Qena,N/A,29.20972257,1013.25,0.08223274903,Summer
2028-07,Wadi Qena,N/A,30.4213686,1013.25,0,Summer
2028-08,Wadi Qena,N/A,30.43772402,1013.25,5.52E-16,Summer
2028-09,Wadi Qena,N/A,28.50086696,1013.25,2.07E-20,Autumn
2028-10,Wadi Qena,N/A,25.53404217,1013.25,1.78E-05,Autumn
2028-11,Wadi Qena,N/A,20.39452575,1013.25,0.3474407652,Autumn
2028-12,Wadi Qena,N/A,15.79546741,1013.25,0.2206720657,Winter
2029-01,Wadi Qena,N/A,13.81719584,1013.25,0.7611700912,Winter
2029-02,Wadi Qena,N/A,15.07643716,1013.25,0.6732450949,Winter
2029-03,Wadi Qena,N/A,18.58627454,1013.25,5.368545196,Spring
2029-04,Wadi Qena,N/A,22.61753807,1013.25,4.606576901,Spring
2029-05,Wadi Qena,N/A,26.77328815,1013.25,18.33379985,Spring
2029-06,Wadi Qena,N/A,29.23346422,1013.25,0.05202297911,Summer
2029-07,Wadi Qena,N/A,30.26881678,1013.25,0,Summer
2029-08,Wadi Qena,N/A,30.90698198,1013.25,0,Summer
2029-09,Wadi Qena,N/A,28.60179326,1013.25,1.41E-17,Autumn
2029-10,Wadi Qena,N/A,25.30318431,1013.25,9.13E-06,Autumn
2029-11,Wadi Qena,N/A,20.72052461,1013.25,0.1440679129,Autumn
2029-12,Wadi Qena,N/A,15.82804791,1013.25,0.4040729907,Winter
2030-01,Wadi Qena,N/A,13.88111699,1013.25,1.422592609,Winter
2030-02,Wadi Qena,N/A,16.1259909,1013.25,0.5836844186,Winter
2030-03,Wadi Qena,N/A,18.28744313,1013.25,0.8240328961,Spring
2030-04,Wadi Qena,N/A,22.32632102,1013.25,2.403797154,Spring
2030-05,Wadi Qena,N/A,26.75420634,1013.25,5.674016983,Spring
2030-06,Wadi Qena,N/A,29.55417567,1013.25,0.08696151386,Summer
2030-07,Wadi Qena,N/A,30.12695789,1013.25,0,Summer
2030-08,Wadi Qena,N/A,30.62898565,1013.25,5.84E-18,Summer
2030-09,Wadi Qena,N/A,28.66096477,1013.25,5.62E-04,Autumn
2030-10,Wadi Qena,N/A,25.74607508,1013.25,6.26E-04,Autumn
2030-11,Wadi Qena,N/A,20.98055991,1013.25,0.1148257128,Autumn
2030-12,Wadi Qena,N/A,15.78773019,1013.25,0.9488835915,Winter
2026-01,Galala Mountain North,N/A,13.1250405,1013.25,2.290698569,Winter
2026-02,Galala Mountain North,N/A,14.24672249,1013.25,1.657470713,Winter
2026-03,Galala Mountain North,N/A,17.11851756,1013.25,6.418528687,Spring
2026-04,Galala Mountain North,N/A,21.40354608,1013.25,5.303586304,Spring
2026-05,Galala Mountain North,N/A,25.05311161,1013.25,1.446449966,Spring
2026-06,Galala Mountain North,N/A,27.96052235,1013.25,0.2073806456,Summer
2026-07,Galala Mountain North,N/A,28.6600221,1013.25,3.27E-15,Summer
2026-08,Galala Mountain North,N/A,29.25030736,1013.25,2.24E-16,Summer
2026-09,Galala Mountain North,N/A,27.16228085,1013.25,0.03643741067,Autumn
2026-10,Galala Mountain North,N/A,24.0911057,1013.25,0.4926412779,Autumn
2026-11,Galala Mountain North,N/A,19.6113797,1013.25,1.071341095,Autumn
2026-12,Galala Mountain North,N/A,14.63155597,1013.25,3.006626585,Winter
2027-01,Galala Mountain North,N/A,12.83896463,1013.25,2.006772963,Winter
2027-02,Galala Mountain North,N/A,14.70347756,1013.25,3.072038091,Winter
2027-03,Galala Mountain North,N/A,16.82768217,1013.25,5.916152984,Spring
2027-04,Galala Mountain North,N/A,20.93520372,1013.25,3.995417035,Spring
2027-05,Galala Mountain North,N/A,25.07868393,1013.25,1.927102108,Spring
2027-06,Galala Mountain North,N/A,27.76952097,1013.25,0.06637195642,Summer
2027-07,Galala Mountain North,N/A,28.83253925,1013.25,1.30E-15,Summer
2027-08,Galala Mountain North,N/A,29.14507081,1013.25,9.23E-16,Summer
2027-09,Galala Mountain North,N/A,27.25709401,1013.25,0.007375936712,Autumn
2027-10,Galala Mountain North,N/A,24.19999954,1013.25,0.4606978329,Autumn
2027-11,Galala Mountain North,N/A,19.58001421,1013.25,0.5372890205,Autumn
2027-12,Galala Mountain North,N/A,15.28105423,1013.25,1.055657568,Winter
2028-01,Galala Mountain North,N/A,13.19641907,1013.25,1.39605294,Winter
2028-02,Galala Mountain North,N/A,14.39004328,1013.25,2.710611726,Winter
2028-03,Galala Mountain North,N/A,17.33115773,1013.25,3.78324446,Spring
2028-04,Galala Mountain North,N/A,21.05666581,1013.25,5.962562382,Spring
2028-05,Galala Mountain North,N/A,24.86636041,1013.25,2.392486136,Spring
2028-06,Galala Mountain North,N/A,27.59267295,1013.25,0.004968061446,Summer
2028-07,Galala Mountain North,N/A,28.98951496,1013.25,2.05E-19,Summer
2028-08,Galala Mountain North,N/A,29.13367554,1013.25,1.14E-16,Summer
2028-09,Galala Mountain North,N/A,27.26821049,1013.25,0.005663271643,Autumn
2028-10,Galala Mountain North,N/A,24.45374568,1013.25,4.239095061,Autumn
2028-11,Galala Mountain North,N/A,19.46567077,1013.25,1.559338053,Autumn
2028-12,Galala Mountain North,N/A,15.08944024,1013.25,0.959964721,Winter
2029-01,Galala Mountain North,N/A,13.0379605,1013.25,2.588227167,Winter
2029-02,Galala Mountain North,N/A,14.0793012,1013.25,3.256633874,Winter
2029-03,Galala Mountain North,N/A,17.25824046,1013.25,9.197224151,Spring
2029-04,Galala Mountain North,N/A,21.07163979,1013.25,4.544701499,Spring
2029-05,Galala Mountain North,N/A,25.09470837,1013.25,3.950360493,Spring
2029-06,Galala Mountain North,N/A,27.59029912,1013.25,0.005906247585,Summer
2029-07,Galala Mountain North,N/A,28.94262302,1013.25,8.75E-16,Summer
2029-08,Galala Mountain North,N/A,29.57746414,1013.25,0,Summer
2029-09,Galala Mountain North,N/A,27.33009743,1013.25,2.42E-04,Autumn
2029-10,Galala Mountain North,N/A,24.21796802,1013.25,0.08152949322,Autumn
2029-11,Galala Mountain North,N/A,19.82629827,1013.25,0.6584244313,Autumn
2029-12,Galala Mountain North,N/A,15.145151,1013.25,1.46382912,Winter
2030-01,Galala Mountain North,N/A,13.03405161,1013.25,3.899293372,Winter
2030-02,Galala Mountain North,N/A,14.9828185,1013.25,2.498361214,Winter
2030-03,Galala Mountain North,N/A,16.9873831,1013.25,2.985585541,Spring
2030-04,Galala Mountain North,N/A,20.77254423,1013.25,1.862720875,Spring
2030-05,Galala Mountain North,N/A,25.00495626,1013.25,2.534208702,Spring
2030-06,Galala Mountain North,N/A,27.81137019,1013.25,0.005880956593,Summer
2030-07,Galala Mountain North,N/A,28.82129931,1013.25,0,Summer
2030-08,Galala Mountain North,N/A,29.24707962,1013.25,0,Summer
2030-09,Galala Mountain North,N/A,27.44838041,1013.25,0.04568402486,Autumn
2030-10,Galala Mountain North,N/A,24.60673322,1013.25,2.801845938,Autumn
2030-11,Galala Mountain North,N/A,20.08190286,1013.25,0.9694670166,Autumn
2030-12,Galala Mountain North,N/A,15.06135166,1013.25,1.221946829,Winter
2026-01,AL-Qasima,N/A,13.88945923,1013.25,9.015494965,Winter
2026-02,AL-Qasima,N/A,14.58020806,1013.25,7.517278488,Winter
2026-03,AL-Qasima,N/A,17.13333252,1013.25,7.89135658,Spring
2026-04,AL-Qasima,N/A,20.77215214,1013.25,6.048329697,Spring
2026-05,AL-Qasima,N/A,24.10728503,1013.25,2.946064144,Spring
2026-06,AL-Qasima,N/A,27.27949099,1013.25,0.4626298998,Summer
2026-07,AL-Qasima,N/A,28.88246868,1013.25,5.91E-18,Summer
2026-08,AL-Qasima,N/A,29.5038917,1013.25,5.35E-16,Summer
2026-09,AL-Qasima,N/A,27.51141062,1013.25,0.2423967139,Autumn
2026-10,AL-Qasima,N/A,24.51496823,1013.25,1.232596452,Autumn
2026-11,AL-Qasima,N/A,20.24659304,1013.25,4.611645779,Autumn
2026-12,AL-Qasima,N/A,15.25342211,1013.25,9.429899977,Winter
2027-01,AL-Qasima,N/A,13.4678626,1013.25,8.768530475,Winter
2027-02,AL-Qasima,N/A,14.9242835,1013.25,7.39345839,Winter
2027-03,AL-Qasima,N/A,16.78782477,1013.25,9.863699706,Spring
2027-04,AL-Qasima,N/A,20.40061177,1013.25,3.823943006,Spring
2027-05,AL-Qasima,N/A,24.17489149,1013.25,2.042118416,Spring
2027-06,AL-Qasima,N/A,27.11771855,1013.25,0.1714696779,Summer
2027-07,AL-Qasima,N/A,29.15418323,1013.25,5.09E-17,Summer
2027-08,AL-Qasima,N/A,29.45199245,1013.25,9.51E-17,Summer
2027-09,AL-Qasima,N/A,27.59464377,1013.25,0.01438215391,Autumn
2027-10,AL-Qasima,N/A,24.56951778,1013.25,2.150287897,Autumn
2027-11,AL-Qasima,N/A,20.12026367,1013.25,4.700976796,Autumn
2027-12,AL-Qasima,N/A,16.00535553,1013.25,9.112441896,Winter
2028-01,AL-Qasima,N/A,13.87066637,1013.25,8.155740246,Winter
2028-02,AL-Qasima,N/A,14.73734442,1013.25,7.841562247,Winter
2028-03,AL-Qasima,N/A,17.1892191,1013.25,7.948217794,Spring
2028-04,AL-Qasima,N/A,20.470704,1013.25,6.864402991,Spring
2028-05,AL-Qasima,N/A,23.98686041,1013.25,3.346301314,Spring
2028-06,AL-Qasima,N/A,26.97115321,1013.25,0.01416238649,Summer
2028-07,AL-Qasima,N/A,29.18307133,1013.25,0,Summer
2028-08,AL-Qasima,N/A,29.41591842,1013.25,1.12E-04,Summer
2028-09,AL-Qasima,N/A,27.58075208,1013.25,0.1155505579,Autumn
2028-10,AL-Qasima,N/A,24.81787636,1013.25,1.991893929,Autumn
2028-11,AL-Qasima,N/A,19.94142605,1013.25,6.156106051,Autumn
2028-12,AL-Qasima,N/A,15.71039143,1013.25,7.097383795,Winter
2029-01,AL-Qasima,N/A,13.82908927,1013.25,9.98818039,Winter
2029-02,AL-Qasima,N/A,14.35013896,1013.25,8.834413512,Winter
2029-03,AL-Qasima,N/A,17.08583545,1013.25,9.224422014,Spring
2029-04,AL-Qasima,N/A,20.52444062,1013.25,5.263325668,Spring
2029-05,AL-Qasima,N/A,24.14659471,1013.25,3.04734544,Spring
2029-06,AL-Qasima,N/A,27.00685146,1013.25,0.008079852343,Summer
2029-07,AL-Qasima,N/A,29.2050593,1013.25,1.68E-17,Summer
2029-08,AL-Qasima,N/A,29.76224203,1013.25,0,Summer
2029-09,AL-Qasima,N/A,27.69365563,1013.25,0.06942558321,Autumn
2029-10,AL-Qasima,N/A,24.6062945,1013.25,1.790091404,Autumn
2029-11,AL-Qasima,N/A,20.31521064,1013.25,4.201184181,Autumn
2029-12,AL-Qasima,N/A,15.95911768,1013.25,9.859528025,Winter
2030-01,AL-Qasima,N/A,13.79971458,1013.25,9.873233622,Winter
2030-02,AL-Qasima,N/A,15.30343434,1013.25,7.353230977,Winter
2030-03,AL-Qasima,N/A,16.8870685,1013.25,7.80712472,Spring
2030-04,AL-Qasima,N/A,20.30983583,1013.25,3.810107952,Spring
2030-05,AL-Qasima,N/A,24.0246414,1013.25,3.291991338,Spring
2030-06,AL-Qasima,N/A,27.2055451,1013.25,0.02226066694,Summer
2030-07,AL-Qasima,N/A,29.11432423,1013.25,5.81E-18,Summer
2030-08,AL-Qasima,N/A,29.5481637,1013.25,0,Summer
2030-09,AL-Qasima,N/A,27.82174748,1013.25,0.06968346301,Autumn
2030-10,AL-Qasima,N/A,25.034605,1013.25,1.988834579,Autumn
2030-11,AL-Qasima,N/A,20.61168328,1013.25,5.762040455,Autumn
2030-12,AL-Qasima,N/A,15.68189522,1013.25,7.721569887,Winter
2026-01,Wadi Jerafi,N/A,13.43307755,1013.25,4.483797285,Winter
2026-02,Wadi Jerafi,N/A,14.49652788,1013.25,3.95858312,Winter
2026-03,Wadi Jerafi,N/A,17.48027167,1013.25,6.546088468,Spring
2026-04,Wadi Jerafi,N/A,21.53887777,1013.25,6.977246408,Spring
2026-05,Wadi Jerafi,N/A,25.25088217,1013.25,3.48885285,Spring
2026-06,Wadi Jerafi,N/A,28.43828851,1013.25,0.643294547,Summer
2026-07,Wadi Jerafi,N/A,29.92632024,1013.25,0,Summer
2026-08,Wadi Jerafi,N/A,30.48886279,1013.25,1.57E-17,Summer
2026-09,Wadi Jerafi,N/A,28.31398791,1013.25,0.6723431946,Autumn
2026-10,Wadi Jerafi,N/A,24.8307992,1013.25,1.045220438,Autumn
2026-11,Wadi Jerafi,N/A,20.04072194,1013.25,2.539706059,Autumn
2026-12,Wadi Jerafi,N/A,14.68992155,1013.25,4.43322061,Winter
2027-01,Wadi Jerafi,N/A,13.03391946,1013.25,4.053285933,Winter
2027-02,Wadi Jerafi,N/A,14.91383497,1013.25,4.797799329,Winter
2027-03,Wadi Jerafi,N/A,17.10446363,1013.25,7.567636723,Spring
2027-04,Wadi Jerafi,N/A,21.15417049,1013.25,4.723340064,Spring
2027-05,Wadi Jerafi,N/A,25.3788155,1013.25,2.211658202,Spring
2027-06,Wadi Jerafi,N/A,28.34161048,1013.25,0.1982686083,Summer
2027-07,Wadi Jerafi,N/A,30.22812655,1013.25,0,Summer
2027-08,Wadi Jerafi,N/A,30.47083189,1013.25,3.03E-05,Summer
2027-09,Wadi Jerafi,N/A,28.44304874,1013.25,0.01486223268,Autumn
2027-10,Wadi Jerafi,N/A,24.85798946,1013.25,2.077813052,Autumn
2027-11,Wadi Jerafi,N/A,19.92428708,1013.25,2.298227052,Autumn
2027-12,Wadi Jerafi,N/A,15.41393509,1013.25,4.442683252,Winter
2028-01,Wadi Jerafi,N/A,13.43746274,1013.25,3.567786269,Winter
2028-02,Wadi Jerafi,N/A,14.65632598,1013.25,5.040032716,Winter
2028-03,Wadi Jerafi,N/A,17.56214509,1013.25,6.477255431,Spring
2028-04,Wadi Jerafi,N/A,21.22864016,1013.25,7.57996641,Spring
2028-05,Wadi Jerafi,N/A,25.09918402,1013.25,5.535405851,Spring
2028-06,Wadi Jerafi,N/A,28.14111594,1013.25,0.09883254574,Summer
2028-07,Wadi Jerafi,N/A,30.27341879,1013.25,0,Summer
2028-08,Wadi Jerafi,N/A,30.41892974,1013.25,2.55E-04,Summer
2028-09,Wadi Jerafi,N/A,28.38838875,1013.25,0.1028798048,Autumn
2028-10,Wadi Jerafi,N/A,25.07379973,1013.25,1.648434845,Autumn
2028-11,Wadi Jerafi,N/A,19.72784856,1013.25,4.023898461,Autumn
2028-12,Wadi Jerafi,N/A,15.15489728,1013.25,2.480997445,Winter
2029-01,Wadi Jerafi,N/A,13.32031292,1013.25,5.452694331,Winter
2029-02,Wadi Jerafi,N/A,14.26103512,1013.25,5.185070272,Winter
2029-03,Wadi Jerafi,N/A,17.43002937,1013.25,7.642873564,Spring
2029-04,Wadi Jerafi,N/A,21.26735366,1013.25,5.091096481,Spring
2029-05,Wadi Jerafi,N/A,25.29718719,1013.25,4.87541558,Spring
2029-06,Wadi Jerafi,N/A,28.24053709,1013.25,0.01901003276,Summer
2029-07,Wadi Jerafi,N/A,30.23709219,1013.25,0,Summer
2029-08,Wadi Jerafi,N/A,30.76109481,1013.25,0,Summer
2029-09,Wadi Jerafi,N/A,28.51150497,1013.25,0.06401450723,Autumn
2029-10,Wadi Jerafi,N/A,24.88111174,1013.25,1.014797152,Autumn
2029-11,Wadi Jerafi,N/A,20.09386142,1013.25,2.113112511,Autumn
2029-12,Wadi Jerafi,N/A,15.36673182,1013.25,4.047217497,Winter
2030-01,Wadi Jerafi,N/A,13.33803922,1013.25,6.274945456,Winter
2030-02,Wadi Jerafi,N/A,15.25658083,1013.25,5.114015826,Winter
2030-03,Wadi Jerafi,N/A,17.27003089,1013.25,5.430331383,Spring
2030-04,Wadi Jerafi,N/A,21.08232194,1013.25,3.492098506,Spring
2030-05,Wadi Jerafi,N/A,25.21077567,1013.25,4.192636697,Spring
2030-06,Wadi Jerafi,N/A,28.44740181,1013.25,0.03647292421,Summer
2030-07,Wadi Jerafi,N/A,30.18914959,1013.25,0,Summer
2030-08,Wadi Jerafi,N/A,30.6025732,1013.25,0,Summer
2030-09,Wadi Jerafi,N/A,28.6002341,1013.25,0.1736088009,Autumn
2030-10,Wadi Jerafi,N/A,25.33528496,1013.25,1.765068808,Autumn
2030-11,Wadi Jerafi,N/A,20.38589289,1013.25,3.216270084,Autumn
2030-12,Wadi Jerafi,N/A,15.1581173,1013.25,3.070900491,Winter
2026-01,Saint Catherine Reserve,N/A,11.23731735,1013.25,4.539210989,Winter
2026-02,Saint Catherine Reserve,N/A,12.34356945,1013.25,2.32491556,Winter
2026-03,Saint Catherine Reserve,N/A,15.26613718,1013.25,7.886970778,Spring
2026-04,Saint Catherine Reserve,N/A,19.4005081,1013.25,9.7067451,Spring
2026-05,Saint Catherine Reserve,N/A,23.08773432,1013.25,5.312373838,Spring
2026-06,Saint Catherine Reserve,N/A,26.10193124,1013.25,1.18585268,Summer
2026-07,Saint Catherine Reserve,N/A,27.22320691,1013.25,0,Summer
2026-08,Saint Catherine Reserve,N/A,27.74703256,1013.25,3.74E-16,Summer
2026-09,Saint Catherine Reserve,N/A,25.6648131,1013.25,2.330653974,Autumn
2026-10,Saint Catherine Reserve,N/A,22.21654393,1013.25,2.590036771,Autumn
2026-11,Saint Catherine Reserve,N/A,17.68738844,1013.25,3.847506436,Autumn
2026-12,Saint Catherine Reserve,N/A,12.54876013,1013.25,3.714919054,Winter
2027-01,Saint Catherine Reserve,N/A,10.89325679,1013.25,3.597721529,Winter
2027-02,Saint Catherine Reserve,N/A,12.80875358,1013.25,5.433596161,Winter
2027-03,Saint Catherine Reserve,N/A,14.94635879,1013.25,7.649347637,Spring
2027-04,Saint Catherine Reserve,N/A,19.03963031,1013.25,6.771469446,Spring
2027-05,Saint Catherine Reserve,N/A,23.24640724,1013.25,4.690065739,Spring
2027-06,Saint Catherine Reserve,N/A,26.10680791,1013.25,0.4491316117,Summer
2027-07,Saint Catherine Reserve,N/A,27.4717381,1013.25,0,Summer
2027-08,Saint Catherine Reserve,N/A,27.76937893,1013.25,1.86E-18,Summer
2027-09,Saint Catherine Reserve,N/A,25.87966996,1013.25,0.9771778856,Autumn
2027-10,Saint Catherine Reserve,N/A,22.25173927,1013.25,6.711601985,Autumn
2027-11,Saint Catherine Reserve,N/A,17.61922549,1013.25,2.282288981,Autumn
2027-12,Saint Catherine Reserve,N/A,13.21244599,1013.25,3.27701188,Winter
2028-01,Saint Catherine Reserve,N/A,11.28380638,1013.25,2.379612283,Winter
2028-02,Saint Catherine Reserve,N/A,12.42714468,1013.25,4.170149386,Winter
2028-03,Saint Catherine Reserve,N/A,15.41931812,1013.25,4.499717439,Spring
2028-04,Saint Catherine Reserve,N/A,19.0742913,1013.25,19.46139922,Spring
2028-05,Saint Catherine Reserve,N/A,22.92956053,1013.25,14.02635754,Spring
2028-06,Saint Catherine Reserve,N/A,25.85507729,1013.25,0.2323551789,Summer
2028-07,Saint Catherine Reserve,N/A,27.62380082,1013.25,0,Summer
2028-08,Saint Catherine Reserve,N/A,27.74253305,1013.25,3.78E-17,Summer
2028-09,Saint Catherine Reserve,N/A,25.75216432,1013.25,0.07964235112,Autumn
2028-10,Saint Catherine Reserve,N/A,22.46128173,1013.25,4.948539534,Autumn
2028-11,Saint Catherine Reserve,N/A,17.41546591,1013.25,5.826350548,Autumn
2028-12,Saint Catherine Reserve,N/A,12.96566264,1013.25,1.197325138,Winter
2029-01,Saint Catherine Reserve,N/A,11.08562305,1013.25,4.702189029,Winter
2029-02,Saint Catherine Reserve,N/A,12.0902178,1013.25,3.485413409,Winter
2029-03,Saint Catherine Reserve,N/A,15.28715201,1013.25,16.72124186,Spring
2029-04,Saint Catherine Reserve,N/A,19.03283245,1013.25,10.16927755,Spring
2029-05,Saint Catherine Reserve,N/A,23.17776807,1013.25,16.57108935,Spring
2029-06,Saint Catherine Reserve,N/A,25.98236804,1013.25,0.1133648161,Summer
2029-07,Saint Catherine Reserve,N/A,27.46675915,1013.25,0,Summer
2029-08,Saint Catherine Reserve,N/A,28.12305497,1013.25,0,Summer
2029-09,Saint Catherine Reserve,N/A,25.88787385,1013.25,0.00227578259,Autumn
2029-10,Saint Catherine Reserve,N/A,22.25255639,1013.25,3.460920375,Autumn
2029-11,Saint Catherine Reserve,N/A,17.76725779,1013.25,2.572987252,Autumn
2029-12,Saint Catherine Reserve,N/A,13.13490525,1013.25,2.540237923,Winter
2030-01,Saint Catherine Reserve,N/A,11.14125624,1013.25,6.657172432,Winter
2030-02,Saint Catherine Reserve,N/A,13.12674434,1013.25,4.382088408,Winter
2030-03,Saint Catherine Reserve,N/A,15.14208688,1013.25,7.104793432,Spring
2030-04,Saint Catherine Reserve,N/A,18.90226627,1013.25,4.434669992,Spring
2030-05,Saint Catherine Reserve,N/A,23.11792472,1013.25,9.599797885,Spring
2030-06,Saint Catherine Reserve,N/A,26.25522646,1013.25,0.08424160022,Summer
2030-07,Saint Catherine Reserve,N/A,27.42886026,1013.25,0,Summer
2030-08,Saint Catherine Reserve,N/A,27.96126213,1013.25,1.24E-16,Summer
2030-09,Saint Catherine Reserve,N/A,25.89838474,1013.25,0.144607504,Autumn
2030-10,Saint Catherine Reserve,N/A,22.71273667,1013.25,2.918686513,Autumn
2030-11,Saint Catherine Reserve,N/A,18.02340605,1013.25,3.280336437,Autumn
2030-12,Saint Catherine Reserve,N/A,13.00665043,1013.25,3.514554308,Winter
2026-01,Salouga and Ghazal Reserve,N/A,,,,Winter
2026-02,Salouga and Ghazal Reserve,N/A,,,,Winter
2026-03,Salouga and Ghazal Reserve,N/A,,,,Spring
2026-04,Salouga and Ghazal Reserve,N/A,,,,Spring
2026-05,Salouga and Ghazal Reserve,N/A,,,,Spring
2026-06,Salouga and Ghazal Reserve,N/A,,,,Summer
2026-07,Salouga and Ghazal Reserve,N/A,,,,Summer
2026-08,Salouga and Ghazal Reserve,N/A,,,,Summer
2026-09,Salouga and Ghazal Reserve,N/A,,,,Autumn
2026-10,Salouga and Ghazal Reserve,N/A,,,,Autumn
2026-11,Salouga and Ghazal Reserve,N/A,,,,Autumn
2026-12,Salouga and Ghazal Reserve,N/A,,,,Winter
2027-01,Salouga and Ghazal Reserve,N/A,,,,Winter
2027-02,Salouga and Ghazal Reserve,N/A,,,,Winter
2027-03,Salouga and Ghazal Reserve,N/A,,,,Spring
2027-04,Salouga and Ghazal Reserve,N/A,,,,Spring
2027-05,Salouga and Ghazal Reserve,N/A,,,,Spring
2027-06,Salouga and Ghazal Reserve,N/A,,,,Summer
2027-07,Salouga and Ghazal Reserve,N/A,,,,Summer
2027-08,Salouga and Ghazal Reserve,N/A,,,,Summer
2027-09,Salouga and Ghazal Reserve,N/A,,,,Autumn
2027-10,Salouga and Ghazal Reserve,N/A,,,,Autumn
2027-11,Salouga and Ghazal Reserve,N/A,,,,Autumn
2027-12,Salouga and Ghazal Reserve,N/A,,,,Winter
2028-01,Salouga and Ghazal Reserve,N/A,,,,Winter
2028-02,Salouga and Ghazal Reserve,N/A,,,,Winter
2028-03,Salouga and Ghazal Reserve,N/A,,,,Spring
2028-04,Salouga and Ghazal Reserve,N/A,,,,Spring
2028-05,Salouga and Ghazal Reserve,N/A,,,,Spring
2028-06,Salouga and Ghazal Reserve,N/A,,,,Summer
2028-07,Salouga and Ghazal Reserve,N/A,,,,Summer
2028-08,Salouga and Ghazal Reserve,N/A,,,,Summer
2028-09,Salouga and Ghazal Reserve,N/A,,,,Autumn
2028-10,Salouga and Ghazal Reserve,N/A,,,,Autumn
2028-11,Salouga and Ghazal Reserve,N/A,,,,Autumn
2028-12,Salouga and Ghazal Reserve,N/A,,,,Winter
2029-01,Salouga and Ghazal Reserve,N/A,,,,Winter
2029-02,Salouga and Ghazal Reserve,N/A,,,,Winter
2029-03,Salouga and Ghazal Reserve,N/A,,,,Spring
2029-04,Salouga and Ghazal Reserve,N/A,,,,Spring
2029-05,Salouga and Ghazal Reserve,N/A,,,,Spring
2029-06,Salouga and Ghazal Reserve,N/A,,,,Summer
2029-07,Salouga and Ghazal Reserve,N/A,,,,Summer
2029-08,Salouga and Ghazal Reserve,N/A,,,,Summer
2029-09,Salouga and Ghazal Reserve,N/A,,,,Autumn
2029-10,Salouga and Ghazal Reserve,N/A,,,,Autumn
2029-11,Salouga and Ghazal Reserve,N/A,,,,Autumn
2029-12,Salouga and Ghazal Reserve,N/A,,,,Winter
2030-01,Salouga and Ghazal Reserve,N/A,,,,Winter
2030-02,Salouga and Ghazal Reserve,N/A,,,,Winter
2030-03,Salouga and Ghazal Reserve,N/A,,,,Spring
2030-04,Salouga and Ghazal Reserve,N/A,,,,Spring
2030-05,Salouga and Ghazal Reserve,N/A,,,,Spring
2030-06,Salouga and Ghazal Reserve,N/A,,,,Summer
2030-07,Salouga and Ghazal Reserve,N/A,,,,Summer
2030-08,Salouga and Ghazal Reserve,N/A,,,,Summer
2030-09,Salouga and Ghazal Reserve,N/A,,,,Autumn
2030-10,Salouga and Ghazal Reserve,N/A,,,,Autumn
2030-11,Salouga and Ghazal Reserve,N/A,,,,Autumn
2030-12,Salouga and Ghazal Reserve,N/A,,,,Winter
2026-01,Wadi Degla Reserve,N/A,14.65500641,1013.25,3.580326217,Winter
2026-02,Wadi Degla Reserve,N/A,15.60741425,1013.25,2.560195535,Winter
2026-03,Wadi Degla Reserve,N/A,18.2141449,1013.25,2.55793247,Spring
2026-04,Wadi Degla Reserve,N/A,22.18793793,1013.25,1.582473929,Spring
2026-05,Wadi Degla Reserve,N/A,25.68503113,1013.25,0.2935303417,Spring
2026-06,Wadi Degla Reserve,N/A,28.63285522,1013.25,0,Summer
2026-07,Wadi Degla Reserve,N/A,29.24204865,1013.25,7.64E-16,Summer
2026-08,Wadi Degla Reserve,N/A,29.82219391,1013.25,4.22E-15,Summer
2026-09,Wadi Degla Reserve,N/A,27.98499908,1013.25,0.001551152085,Autumn
2026-10,Wadi Degla Reserve,N/A,25.10251007,1013.25,0.1495603264,Autumn
2026-11,Wadi Degla Reserve,N/A,20.72316437,1013.25,1.381762398,Autumn
2026-12,Wadi Degla Reserve,N/A,16.07182312,1013.25,3.409496681,Winter
2027-01,Wadi Degla Reserve,N/A,14.36382141,1013.25,3.365350563,Winter
2027-02,Wadi Degla Reserve,N/A,15.93255615,1013.25,2.724846124,Winter
2027-03,Wadi Degla Reserve,N/A,17.95175629,1013.25,3.137880714,Spring
2027-04,Wadi Degla Reserve,N/A,21.69384308,1013.25,1.319041763,Spring
2027-05,Wadi Degla Reserve,N/A,25.67779541,1013.25,0.2983274285,Spring
2027-06,Wadi Degla Reserve,N/A,28.33489685,1013.25,0,Summer
2027-07,Wadi Degla Reserve,N/A,29.34909973,1013.25,6.10E-16,Summer
2027-08,Wadi Degla Reserve,N/A,29.66070862,1013.25,8.03E-16,Summer
2027-09,Wadi Degla Reserve,N/A,27.95132599,1013.25,0.01361774639,Autumn
2027-10,Wadi Degla Reserve,N/A,25.19518738,1013.25,0.6427863722,Autumn
2027-11,Wadi Degla Reserve,N/A,20.67567291,1013.25,1.352146061,Autumn
2027-12,Wadi Degla Reserve,N/A,16.64653168,1013.25,2.672591861,Winter
2028-01,Wadi Degla Reserve,N/A,14.70252838,1013.25,2.922823926,Winter
2028-02,Wadi Degla Reserve,N/A,15.78739014,1013.25,2.592450105,Winter
2028-03,Wadi Degla Reserve,N/A,18.44597473,1013.25,2.47881368,Spring
2028-04,Wadi Degla Reserve,N/A,21.84316406,1013.25,2.03189186,Spring
2028-05,Wadi Degla Reserve,N/A,25.52222595,1013.25,0.1319931044,Spring
2028-06,Wadi Degla Reserve,N/A,28.27878876,1013.25,0,Summer
2028-07,Wadi Degla Reserve,N/A,29.44122009,1013.25,0,Summer
2028-08,Wadi Degla Reserve,N/A,29.64781494,1013.25,0,Summer
2028-09,Wadi Degla Reserve,N/A,28.03323212,1013.25,0.006356435404,Autumn
2028-10,Wadi Degla Reserve,N/A,25.45878296,1013.25,0.4228368825,Autumn
2028-11,Wadi Degla Reserve,N/A,20.64102936,1013.25,1.793223909,Autumn
2028-12,Wadi Degla Reserve,N/A,16.47985077,1013.25,2.013274506,Winter
2029-01,Wadi Degla Reserve,N/A,14.60818481,1013.25,4.307618176,Winter
2029-02,Wadi Degla Reserve,N/A,15.4848877,1013.25,3.717349352,Winter
2029-03,Wadi Degla Reserve,N/A,18.30416565,1013.25,2.97531756,Spring
2029-04,Wadi Degla Reserve,N/A,21.87052307,1013.25,1.909124055,Spring
2029-05,Wadi Degla Reserve,N/A,25.72702789,1013.25,0.1814792764,Spring
2029-06,Wadi Degla Reserve,N/A,28.21897125,1013.25,0,Summer
2029-07,Wadi Degla Reserve,N/A,29.51042938,1013.25,3.04E-04,Summer
2029-08,Wadi Degla Reserve,N/A,30.08258362,1013.25,0,Summer
2029-09,Wadi Degla Reserve,N/A,28.04911804,1013.25,0.001861900614,Autumn
2029-10,Wadi Degla Reserve,N/A,25.23439636,1013.25,0.6141383309,Autumn
2029-11,Wadi Degla Reserve,N/A,20.95638428,1013.25,1.392801856,Autumn
2029-12,Wadi Degla Reserve,N/A,16.5421463,1013.25,3.072126719,Winter
2030-01,Wadi Degla Reserve,N/A,14.51127472,1013.25,4.073890861,Winter
2030-02,Wadi Degla Reserve,N/A,16.2366684,1013.25,2.197992615,Winter
2030-03,Wadi Degla Reserve,N/A,18.04418335,1013.25,2.170140236,Spring
2030-04,Wadi Degla Reserve,N/A,21.57864838,1013.25,1.212655156,Spring
2030-05,Wadi Degla Reserve,N/A,25.61630859,1013.25,0.3414877373,Spring
2030-06,Wadi Degla Reserve,N/A,28.38274536,1013.25,0,Summer
2030-07,Wadi Degla Reserve,N/A,29.36695404,1013.25,3.81E-17,Summer
2030-08,Wadi Degla Reserve,N/A,29.69912872,1013.25,0,Summer
2030-09,Wadi Degla Reserve,N/A,28.1833313,1013.25,0.04481521188,Autumn
2030-10,Wadi Degla Reserve,N/A,25.5576355,1013.25,0.8006549343,Autumn
2030-11,Wadi Degla Reserve,N/A,21.22277679,1013.25,1.733720929,Autumn
2030-12,Wadi Degla Reserve,N/A,16.43186493,1013.25,2.441345328,Winter
2026-01,Wadi Al-Asyuti Reserve,N/A,15.21895752,1013.25,0,Winter
2026-02,Wadi Al-Asyuti Reserve,N/A,16.92901001,1013.25,0,Winter
2026-03,Wadi Al-Asyuti Reserve,N/A,20.36712036,1013.25,0,Spring
2026-04,Wadi Al-Asyuti Reserve,N/A,25.30687866,1013.25,0,Spring
2026-05,Wadi Al-Asyuti Reserve,N/A,29.30526123,1013.25,0,Spring
2026-06,Wadi Al-Asyuti Reserve,N/A,31.78502808,1013.25,0,Summer
2026-07,Wadi Al-Asyuti Reserve,N/A,31.94442139,1013.25,0,Summer
2026-08,Wadi Al-Asyuti Reserve,N/A,32.41594849,1013.25,0,Summer
2026-09,Wadi Al-Asyuti Reserve,N/A,30.20064697,1013.25,0,Autumn
2026-10,Wadi Al-Asyuti Reserve,N/A,26.9800354,1013.25,0,Autumn
2026-11,Wadi Al-Asyuti Reserve,N/A,22.06847534,1013.25,0,Autumn
2026-12,Wadi Al-Asyuti Reserve,N/A,16.62520752,1013.25,0,Winter
2027-01,Wadi Al-Asyuti Reserve,N/A,14.94765625,1013.25,0,Winter
2027-02,Wadi Al-Asyuti Reserve,N/A,17.33843384,1013.25,0,Winter
2027-03,Wadi Al-Asyuti Reserve,N/A,19.93346558,1013.25,0,Spring
2027-04,Wadi Al-Asyuti Reserve,N/A,24.78463135,1013.25,0,Spring
2027-05,Wadi Al-Asyuti Reserve,N/A,29.32433472,1013.25,0,Spring
2027-06,Wadi Al-Asyuti Reserve,N/A,31.78582153,1013.25,0,Summer
2027-07,Wadi Al-Asyuti Reserve,N/A,32.02355347,1013.25,0,Summer
2027-08,Wadi Al-Asyuti Reserve,N/A,32.34667358,1013.25,0,Summer
2027-09,Wadi Al-Asyuti Reserve,N/A,30.37529907,1013.25,0,Autumn
2027-10,Wadi Al-Asyuti Reserve,N/A,27.2076355,1013.25,0,Autumn
2027-11,Wadi Al-Asyuti Reserve,N/A,21.99984131,1013.25,0,Autumn
2027-12,Wadi Al-Asyuti Reserve,N/A,17.36205444,1013.25,0,Winter
2028-01,Wadi Al-Asyuti Reserve,N/A,15.43081055,1013.25,0,Winter
2028-02,Wadi Al-Asyuti Reserve,N/A,16.9208313,1013.25,0,Winter
2028-03,Wadi Al-Asyuti Reserve,N/A,20.57784424,1013.25,0,Spring
2028-04,Wadi Al-Asyuti Reserve,N/A,24.99111328,1013.25,0,Spring
2028-05,Wadi Al-Asyuti Reserve,N/A,29.08638916,1013.25,0,Spring
2028-06,Wadi Al-Asyuti Reserve,N/A,31.46257935,1013.25,0,Summer
2028-07,Wadi Al-Asyuti Reserve,N/A,32.29003296,1013.25,0,Summer
2028-08,Wadi Al-Asyuti Reserve,N/A,32.26937256,1013.25,0,Summer
2028-09,Wadi Al-Asyuti Reserve,N/A,30.33843384,1013.25,0,Autumn
2028-10,Wadi Al-Asyuti Reserve,N/A,27.41698608,1013.25,0,Autumn
2028-11,Wadi Al-Asyuti Reserve,N/A,21.94661865,1013.25,0,Autumn
2028-12,Wadi Al-Asyuti Reserve,N/A,17.14373169,1013.25,0,Winter
2029-01,Wadi Al-Asyuti Reserve,N/A,15.14412842,1013.25,0,Winter
2029-02,Wadi Al-Asyuti Reserve,N/A,16.6692749,1013.25,0,Winter
2029-03,Wadi Al-Asyuti Reserve,N/A,20.51146851,1013.25,0,Spring
2029-04,Wadi Al-Asyuti Reserve,N/A,24.93496094,1013.25,0,Spring
2029-05,Wadi Al-Asyuti Reserve,N/A,29.28615723,1013.25,0,Spring
2029-06,Wadi Al-Asyuti Reserve,N/A,31.43413696,1013.25,0,Summer
2029-07,Wadi Al-Asyuti Reserve,N/A,32.15880737,1013.25,0,Summer
2029-08,Wadi Al-Asyuti Reserve,N/A,32.82674561,1013.25,0,Summer
2029-09,Wadi Al-Asyuti Reserve,N/A,30.42559204,1013.25,0,Autumn
2029-10,Wadi Al-Asyuti Reserve,N/A,27.19536743,1013.25,0,Autumn
2029-11,Wadi Al-Asyuti Reserve,N/A,22.24923096,1013.25,0,Autumn
2029-12,Wadi Al-Asyuti Reserve,N/A,17.11669312,1013.25,0,Winter
2030-01,Wadi Al-Asyuti Reserve,N/A,15.19197998,1013.25,0,Winter
2030-02,Wadi Al-Asyuti Reserve,N/A,17.71883545,1013.25,0,Winter
2030-03,Wadi Al-Asyuti Reserve,N/A,20.11446533,1013.25,0,Spring
2030-04,Wadi Al-Asyuti Reserve,N/A,24.5473877,1013.25,0,Spring
2030-05,Wadi Al-Asyuti Reserve,N/A,29.27602539,1013.25,0,Spring
2030-06,Wadi Al-Asyuti Reserve,N/A,31.78768311,1013.25,0,Summer
2030-07,Wadi Al-Asyuti Reserve,N/A,31.97988281,1013.25,0,Summer
2030-08,Wadi Al-Asyuti Reserve,N/A,32.47432861,1013.25,0,Summer
2030-09,Wadi Al-Asyuti Reserve,N/A,30.5229126,1013.25,0,Autumn
2030-10,Wadi Al-Asyuti Reserve,N/A,27.58425293,1013.25,0,Autumn
2030-11,Wadi Al-Asyuti Reserve,N/A,22.53685913,1013.25,0,Autumn
2030-12,Wadi Al-Asyuti Reserve,N/A,17.10634766,1013.25,0,Winter
2026-01,The Thickets Reserve,N/A,,,,Winter
2026-02,The Thickets Reserve,N/A,,,,Winter
2026-03,The Thickets Reserve,N/A,,,,Spring
2026-04,The Thickets Reserve,N/A,,,,Spring
2026-05,The Thickets Reserve,N/A,,,,Spring
2026-06,The Thickets Reserve,N/A,,,,Summer
2026-07,The Thickets Reserve,N/A,,,,Summer
2026-08,The Thickets Reserve,N/A,,,,Summer
2026-09,The Thickets Reserve,N/A,,,,Autumn
2026-10,The Thickets Reserve,N/A,,,,Autumn
2026-11,The Thickets Reserve,N/A,,,,Autumn
2026-12,The Thickets Reserve,N/A,,,,Winter
2027-01,The Thickets Reserve,N/A,,,,Winter
2027-02,The Thickets Reserve,N/A,,,,Winter
2027-03,The Thickets Reserve,N/A,,,,Spring
2027-04,The Thickets Reserve,N/A,,,,Spring
2027-05,The Thickets Reserve,N/A,,,,Spring
2027-06,The Thickets Reserve,N/A,,,,Summer
2027-07,The Thickets Reserve,N/A,,,,Summer
2027-08,The Thickets Reserve,N/A,,,,Summer
2027-09,The Thickets Reserve,N/A,,,,Autumn
2027-10,The Thickets Reserve,N/A,,,,Autumn
2027-11,The Thickets Reserve,N/A,,,,Autumn
2027-12,The Thickets Reserve,N/A,,,,Winter
2028-01,The Thickets Reserve,N/A,,,,Winter
2028-02,The Thickets Reserve,N/A,,,,Winter
2028-03,The Thickets Reserve,N/A,,,,Spring
2028-04,The Thickets Reserve,N/A,,,,Spring
2028-05,The Thickets Reserve,N/A,,,,Spring
2028-06,The Thickets Reserve,N/A,,,,Summer
2028-07,The Thickets Reserve,N/A,,,,Summer
2028-08,The Thickets Reserve,N/A,,,,Summer
2028-09,The Thickets Reserve,N/A,,,,Autumn
2028-10,The Thickets Reserve,N/A,,,,Autumn
2028-11,The Thickets Reserve,N/A,,,,Autumn
2028-12,The Thickets Reserve,N/A,,,,Winter
2029-01,The Thickets Reserve,N/A,,,,Winter
2029-02,The Thickets Reserve,N/A,,,,Winter
2029-03,The Thickets Reserve,N/A,,,,Spring
2029-04,The Thickets Reserve,N/A,,,,Spring
2029-05,The Thickets Reserve,N/A,,,,Spring
2029-06,The Thickets Reserve,N/A,,,,Summer
2029-07,The Thickets Reserve,N/A,,,,Summer
2029-08,The Thickets Reserve,N/A,,,,Summer
2029-09,The Thickets Reserve,N/A,,,,Autumn
2029-10,The Thickets Reserve,N/A,,,,Autumn
2029-11,The Thickets Reserve,N/A,,,,Autumn
2029-12,The Thickets Reserve,N/A,,,,Winter
2030-01,The Thickets Reserve,N/A,,,,Winter
2030-02,The Thickets Reserve,N/A,,,,Winter
2030-03,The Thickets Reserve,N/A,,,,Spring
2030-04,The Thickets Reserve,N/A,,,,Spring
2030-05,The Thickets Reserve,N/A,,,,Spring
2030-06,The Thickets Reserve,N/A,,,,Summer
2030-07,The Thickets Reserve,N/A,,,,Summer
2030-08,The Thickets Reserve,N/A,,,,Summer
2030-09,The Thickets Reserve,N/A,,,,Autumn
2030-10,The Thickets Reserve,N/A,,,,Autumn
2030-11,The Thickets Reserve,N/A,,,,Autumn
2030-12,The Thickets Reserve,N/A,,,,Winter
2026-01,Lake Qarun Protected Area,N/A,14.69782294,1013.25,6.007313069,Winter
2026-02,Lake Qarun Protected Area,N/A,15.59803159,1013.25,3.196714713,Winter
2026-03,Lake Qarun Protected Area,N/A,18.10796513,1013.25,2.699734465,Spring
2026-04,Lake Qarun Protected Area,N/A,22.06995805,1013.25,1.487714612,Spring
2026-05,Lake Qarun Protected Area,N/A,25.59089245,1013.25,0.2193104199,Spring
2026-06,Lake Qarun Protected Area,N/A,28.66797436,1013.25,0,Summer
2026-07,Lake Qarun Protected Area,N/A,29.36775629,1013.25,1.44E-15,Summer
2026-08,Lake Qarun Protected Area,N/A,29.99997217,1013.25,4.98E-15,Summer
2026-09,Lake Qarun Protected Area,N/A,28.01942588,1013.25,0.002498609263,Autumn
2026-10,Lake Qarun Protected Area,N/A,25.02510845,1013.25,0.4655237665,Autumn
2026-11,Lake Qarun Protected Area,N/A,20.59963694,1013.25,2.614693601,Autumn
2026-12,Lake Qarun Protected Area,N/A,16.04948029,1013.25,6.436648473,Winter
2027-01,Lake Qarun Protected Area,N/A,14.43241603,1013.25,5.728572977,Winter
2027-02,Lake Qarun Protected Area,N/A,15.91996787,1013.25,3.372204999,Winter
2027-03,Lake Qarun Protected Area,N/A,17.87219446,1013.25,3.346251798,Spring
2027-04,Lake Qarun Protected Area,N/A,21.60384498,1013.25,1.200456355,Spring
2027-05,Lake Qarun Protected Area,N/A,25.58608666,1013.25,0.4456530796,Spring
2027-06,Lake Qarun Protected Area,N/A,28.37041081,1013.25,0,Summer
2027-07,Lake Qarun Protected Area,N/A,29.39123169,1013.25,2.21E-15,Summer
2027-08,Lake Qarun Protected Area,N/A,29.79062648,1013.25,2.22E-15,Summer
2027-09,Lake Qarun Protected Area,N/A,27.95610985,1013.25,0.02873258052,Autumn
2027-10,Lake Qarun Protected Area,N/A,25.14113558,1013.25,1.042457754,Autumn
2027-11,Lake Qarun Protected Area,N/A,20.58514236,1013.25,2.322253644,Autumn
2027-12,Lake Qarun Protected Area,N/A,16.59567125,1013.25,4.830790814,Winter
2028-01,Lake Qarun Protected Area,N/A,14.77272046,1013.25,5.314396073,Winter
2028-02,Lake Qarun Protected Area,N/A,15.76430133,1013.25,3.197241023,Winter
2028-03,Lake Qarun Protected Area,N/A,18.3487177,1013.25,2.13031258,Spring
2028-04,Lake Qarun Protected Area,N/A,21.74419227,1013.25,1.685317668,Spring
2028-05,Lake Qarun Protected Area,N/A,25.43572256,1013.25,0.1840528154,Spring
2028-06,Lake Qarun Protected Area,N/A,28.2657271,1013.25,0,Summer
2028-07,Lake Qarun Protected Area,N/A,29.51678247,1013.25,6.05E-08,Summer
2028-08,Lake Qarun Protected Area,N/A,29.77639616,1013.25,0.002132109353,Summer
2028-09,Lake Qarun Protected Area,N/A,28.06033999,1013.25,0.00224576371,Autumn
2028-10,Lake Qarun Protected Area,N/A,25.37439286,1013.25,0.7190163464,Autumn
2028-11,Lake Qarun Protected Area,N/A,20.52718322,1013.25,3.439931578,Autumn
2028-12,Lake Qarun Protected Area,N/A,16.43020071,1013.25,4.230456575,Winter
2029-01,Lake Qarun Protected Area,N/A,14.67280841,1013.25,7.769246649,Winter
2029-02,Lake Qarun Protected Area,N/A,15.47786809,1013.25,4.497630094,Winter
2029-03,Lake Qarun Protected Area,N/A,18.19890827,1013.25,2.981299703,Spring
2029-04,Lake Qarun Protected Area,N/A,21.752358,1013.25,1.627057066,Spring
2029-05,Lake Qarun Protected Area,N/A,25.6395031,1013.25,0.1354442938,Spring
2029-06,Lake Qarun Protected Area,N/A,28.23074647,1013.25,0,Summer
2029-07,Lake Qarun Protected Area,N/A,29.58752682,1013.25,9.67E-05,Summer
2029-08,Lake Qarun Protected Area,N/A,30.24008476,1013.25,8.57E-04,Summer
2029-09,Lake Qarun Protected Area,N/A,28.05633353,1013.25,0.003802586411,Autumn
2029-10,Lake Qarun Protected Area,N/A,25.17107003,1013.25,1.003371639,Autumn
2029-11,Lake Qarun Protected Area,N/A,20.86716837,1013.25,2.323014976,Autumn
2029-12,Lake Qarun Protected Area,N/A,16.44337956,1013.25,5.791925,Winter
2030-01,Lake Qarun Protected Area,N/A,14.56049356,1013.25,6.997336405,Winter
2030-02,Lake Qarun Protected Area,N/A,16.20886805,1013.25,2.791376777,Winter
2030-03,Lake Qarun Protected Area,N/A,17.95620018,1013.25,1.901112898,Spring
2030-04,Lake Qarun Protected Area,N/A,21.44760951,1013.25,1.236711937,Spring
2030-05,Lake Qarun Protected Area,N/A,25.52610411,1013.25,0.3609063253,Spring
2030-06,Lake Qarun Protected Area,N/A,28.38823373,1013.25,0,Summer
2030-07,Lake Qarun Protected Area,N/A,29.420787,1013.25,1.05E-17,Summer
2030-08,Lake Qarun Protected Area,N/A,29.829597,1013.25,0.001851403172,Summer
2030-09,Lake Qarun Protected Area,N/A,28.19006212,1013.25,0.09031497443,Autumn
2030-10,Lake Qarun Protected Area,N/A,25.46638746,1013.25,1.594273817,Autumn
2030-11,Lake Qarun Protected Area,N/A,21.12089744,1013.25,2.942673644,Autumn
2030-12,Lake Qarun Protected Area,N/A,16.37004765,1013.25,5.333627066,Winter
2026-01,Wadi El Rayan Protected Area,N/A,15.15270745,1013.25,4.450814708,Winter
2026-02,Wadi El Rayan Protected Area,N/A,16.1677601,1013.25,2.231644386,Winter
2026-03,Wadi El Rayan Protected Area,N/A,18.84262153,1013.25,2.081988652,Spring
2026-04,Wadi El Rayan Protected Area,N/A,22.96729677,1013.25,1.312800304,Spring
2026-05,Wadi El Rayan Protected Area,N/A,26.46582859,1013.25,0.1051400099,Spring
2026-06,Wadi El Rayan Protected Area,N/A,29.57502342,1013.25,0,Summer
2026-07,Wadi El Rayan Protected Area,N/A,30.25936261,1013.25,4.38E-16,Summer
2026-08,Wadi El Rayan Protected Area,N/A,30.84436353,1013.25,1.36E-17,Summer
2026-09,Wadi El Rayan Protected Area,N/A,28.70141794,1013.25,0.001124131193,Autumn
2026-10,Wadi El Rayan Protected Area,N/A,25.54516732,1013.25,0.2320742599,Autumn
2026-11,Wadi El Rayan Protected Area,N/A,21.00375644,1013.25,1.452979824,Autumn
2026-12,Wadi El Rayan Protected Area,N/A,16.4227973,1013.25,4.625602064,Winter
2027-01,Wadi El Rayan Protected Area,N/A,14.92004929,1013.25,4.314912222,Winter
2027-02,Wadi El Rayan Protected Area,N/A,16.50868029,1013.25,2.298011858,Winter
2027-03,Wadi El Rayan Protected Area,N/A,18.60240106,1013.25,2.563091767,Spring
2027-04,Wadi El Rayan Protected Area,N/A,22.47826223,1013.25,0.8596295437,Spring
2027-05,Wadi El Rayan Protected Area,N/A,26.47285599,1013.25,0.13351855,Spring
2027-06,Wadi El Rayan Protected Area,N/A,29.3018557,1013.25,0,Summer
2027-07,Wadi El Rayan Protected Area,N/A,30.26268429,1013.25,3.48E-16,Summer
2027-08,Wadi El Rayan Protected Area,N/A,30.62207305,1013.25,7.62E-06,Summer
2027-09,Wadi El Rayan Protected Area,N/A,28.63821043,1013.25,0.03126887608,Autumn
2027-10,Wadi El Rayan Protected Area,N/A,25.69833893,1013.25,0.601168454,Autumn
2027-11,Wadi El Rayan Protected Area,N/A,20.98644226,1013.25,1.104084921,Autumn
2027-12,Wadi El Rayan Protected Area,N/A,16.96484898,1013.25,2.874630848,Winter
2028-01,Wadi El Rayan Protected Area,N/A,15.2567001,1013.25,4.432564529,Winter
2028-02,Wadi El Rayan Protected Area,N/A,16.3098454,1013.25,2.573584457,Winter
2028-03,Wadi El Rayan Protected Area,N/A,19.10426424,1013.25,1.293143716,Spring
2028-04,Wadi El Rayan Protected Area,N/A,22.6258953,1013.25,1.085189696,Spring
2028-05,Wadi El Rayan Protected Area,N/A,26.30836023,1013.25,0.08080001909,Spring
2028-06,Wadi El Rayan Protected Area,N/A,29.13291457,1013.25,0,Summer
2028-07,Wadi El Rayan Protected Area,N/A,30.41926841,1013.25,1.55E-08,Summer
2028-08,Wadi El Rayan Protected Area,N/A,30.58430542,1013.25,1.58E-05,Summer
2028-09,Wadi El Rayan Protected Area,N/A,28.74002081,1013.25,4.34E-04,Autumn
2028-10,Wadi El Rayan Protected Area,N/A,25.90354107,1013.25,2.015346586,Autumn
2028-11,Wadi El Rayan Protected Area,N/A,20.91870981,1013.25,2.634236643,Autumn
2028-12,Wadi El Rayan Protected Area,N/A,16.81188769,1013.25,2.810132383,Winter
2029-01,Wadi El Rayan Protected Area,N/A,15.13160946,1013.25,6.265392359,Winter
2029-02,Wadi El Rayan Protected Area,N/A,16.03051987,1013.25,3.006736989,Winter
2029-03,Wadi El Rayan Protected Area,N/A,18.96567662,1013.25,2.520716841,Spring
2029-04,Wadi El Rayan Protected Area,N/A,22.62290388,1013.25,1.12693858,Spring
2029-05,Wadi El Rayan Protected Area,N/A,26.52480762,1013.25,0.1122966769,Spring
2029-06,Wadi El Rayan Protected Area,N/A,29.12187094,1013.25,0,Summer
2029-07,Wadi El Rayan Protected Area,N/A,30.46893525,1013.25,3.65E-06,Summer
2029-08,Wadi El Rayan Protected Area,N/A,31.09085617,1013.25,2.50E-04,Summer
2029-09,Wadi El Rayan Protected Area,N/A,28.74105705,1013.25,0.001450929571,Autumn
2029-10,Wadi El Rayan Protected Area,N/A,25.71105347,1013.25,0.2725267483,Autumn
2029-11,Wadi El Rayan Protected Area,N/A,21.27908228,1013.25,1.278061989,Autumn
2029-12,Wadi El Rayan Protected Area,N/A,16.80885739,1013.25,3.628684782,Winter
2030-01,Wadi El Rayan Protected Area,N/A,15.0373919,1013.25,5.931553893,Winter
2030-02,Wadi El Rayan Protected Area,N/A,16.79852924,1013.25,2.106787443,Winter
2030-03,Wadi El Rayan Protected Area,N/A,18.71190169,1013.25,1.184812499,Spring
2030-04,Wadi El Rayan Protected Area,N/A,22.28942789,1013.25,0.7933202514,Spring
2030-05,Wadi El Rayan Protected Area,N/A,26.40693964,1013.25,0.2590857728,Spring
2030-06,Wadi El Rayan Protected Area,N/A,29.28228615,1013.25,3.68E-05,Summer
2030-07,Wadi El Rayan Protected Area,N/A,30.28214321,1013.25,1.63E-17,Summer
2030-08,Wadi El Rayan Protected Area,N/A,30.65704568,1013.25,0.001173496733,Summer
2030-09,Wadi El Rayan Protected Area,N/A,28.87712745,1013.25,0.08288036965,Autumn
2030-10,Wadi El Rayan Protected Area,N/A,26.00812966,1013.25,8.261014226,Autumn
2030-11,Wadi El Rayan Protected Area,N/A,21.52621979,1013.25,1.354224999,Autumn
2030-12,Wadi El Rayan Protected Area,N/A,16.74103768,1013.25,3.399463851,Winter
2026-01,Wadi Al-Hitan (La vallée des Baleines),N/A,14.57306722,1013.25,6.807729423,Winter
2026-02,Wadi Al-Hitan (La vallée des Baleines),N/A,15.53058472,1013.25,3.325148212,Winter
2026-03,Wadi Al-Hitan (La vallée des Baleines),N/A,18.14181722,1013.25,2.670078741,Spring
2026-04,Wadi Al-Hitan (La vallée des Baleines),N/A,22.17624512,1013.25,1.776593176,Spring
2026-05,Wadi Al-Hitan (La vallée des Baleines),N/A,25.64015706,1013.25,0.2135489815,Spring
2026-06,Wadi Al-Hitan (La vallée des Baleines),N/A,28.80553182,1013.25,0,Summer
2026-07,Wadi Al-Hitan (La vallée des Baleines),N/A,29.56310018,1013.25,4.20E-16,Summer
2026-08,Wadi Al-Hitan (La vallée des Baleines),N/A,30.18981934,1013.25,0,Summer
2026-09,Wadi Al-Hitan (La vallée des Baleines),N/A,28.02443034,1013.25,0.00213482693,Autumn
2026-10,Wadi Al-Hitan (La vallée des Baleines),N/A,24.84508057,1013.25,0.3923438879,Autumn
2026-11,Wadi Al-Hitan (La vallée des Baleines),N/A,20.35368856,1013.25,1.944086851,Autumn
2026-12,Wadi Al-Hitan (La vallée des Baleines),N/A,15.8359904,1013.25,6.430519768,Winter
2027-01,Wadi Al-Hitan (La vallée des Baleines),N/A,14.34247843,1013.25,6.33340202,Winter
2027-02,Wadi Al-Hitan (La vallée des Baleines),N/A,15.85999756,1013.25,3.301299212,Winter
2027-03,Wadi Al-Hitan (La vallée des Baleines),N/A,17.91529948,1013.25,3.413916806,Spring
2027-04,Wadi Al-Hitan (La vallée des Baleines),N/A,21.70806478,1013.25,1.235429925,Spring
2027-05,Wadi Al-Hitan (La vallée des Baleines),N/A,25.64818929,1013.25,0.2455190998,Spring
2027-06,Wadi Al-Hitan (La vallée des Baleines),N/A,28.5141744,1013.25,0,Summer
2027-07,Wadi Al-Hitan (La vallée des Baleines),N/A,29.55558065,1013.25,3.18E-16,Summer
2027-08,Wadi Al-Hitan (La vallée des Baleines),N/A,29.95299886,1013.25,2.56E-05,Summer
2027-09,Wadi Al-Hitan (La vallée des Baleines),N/A,27.9512207,1013.25,0.07254922546,Autumn
2027-10,Wadi Al-Hitan (La vallée des Baleines),N/A,24.98897705,1013.25,1.179593598,Autumn
2027-11,Wadi Al-Hitan (La vallée des Baleines),N/A,20.33562419,1013.25,1.69288802,Autumn
2027-12,Wadi Al-Hitan (La vallée des Baleines),N/A,16.36774902,1013.25,4.312645701,Winter
2028-01,Wadi Al-Hitan (La vallée des Baleines),N/A,14.67738241,1013.25,6.665870443,Winter
2028-02,Wadi Al-Hitan (La vallée des Baleines),N/A,15.67237956,1013.25,3.606406773,Winter
2028-03,Wadi Al-Hitan (La vallée des Baleines),N/A,18.39749349,1013.25,1.742220606,Spring
2028-04,Wadi Al-Hitan (La vallée des Baleines),N/A,21.84833171,1013.25,1.553913105,Spring
2028-05,Wadi Al-Hitan (La vallée des Baleines),N/A,25.49059448,1013.25,0.168663494,Spring
2028-06,Wadi Al-Hitan (La vallée des Baleines),N/A,28.35571696,1013.25,0,Summer
2028-07,Wadi Al-Hitan (La vallée des Baleines),N/A,29.70782878,1013.25,1.12E-08,Summer
2028-08,Wadi Al-Hitan (La vallée des Baleines),N/A,29.9203715,1013.25,3.36E-05,Summer
2028-09,Wadi Al-Hitan (La vallée des Baleines),N/A,28.05422974,1013.25,0.001104551775,Autumn
2028-10,Wadi Al-Hitan (La vallée des Baleines),N/A,25.19644165,1013.25,0.5891739515,Autumn
2028-11,Wadi Al-Hitan (La vallée des Baleines),N/A,20.26483968,1013.25,3.060327675,Autumn
2028-12,Wadi Al-Hitan (La vallée des Baleines),N/A,16.21758016,1013.25,4.262321241,Winter
2029-01,Wadi Al-Hitan (La vallée des Baleines),N/A,14.56426799,1013.25,9.124052318,Winter
2029-02,Wadi Al-Hitan (La vallée des Baleines),N/A,15.39509074,1013.25,4.368511258,Winter
2029-03,Wadi Al-Hitan (La vallée des Baleines),N/A,18.249764,1013.25,3.213715344,Spring
2029-04,Wadi Al-Hitan (La vallée des Baleines),N/A,21.8434611,1013.25,1.549602777,Spring
2029-05,Wadi Al-Hitan (La vallée des Baleines),N/A,25.69357503,1013.25,0.2151886315,Spring
2029-06,Wadi Al-Hitan (La vallée des Baleines),N/A,28.34489543,1013.25,0,Summer
2029-07,Wadi Al-Hitan (La vallée des Baleines),N/A,29.7666158,1013.25,4.47E-06,Summer
2029-08,Wadi Al-Hitan (La vallée des Baleines),N/A,30.41948039,1013.25,4.26E-04,Summer
2029-09,Wadi Al-Hitan (La vallée des Baleines),N/A,28.04912313,1013.25,0.004035932017,Autumn
2029-10,Wadi Al-Hitan (La vallée des Baleines),N/A,25.01063436,1013.25,0.5617208702,Autumn
2029-11,Wadi Al-Hitan (La vallée des Baleines),N/A,20.62898763,1013.25,1.831125635,Autumn
2029-12,Wadi Al-Hitan (La vallée des Baleines),N/A,16.20483398,1013.25,5.534488693,Winter
2030-01,Wadi Al-Hitan (La vallée des Baleines),N/A,14.46810506,1013.25,8.23869145,Winter
2030-02,Wadi Al-Hitan (La vallée des Baleines),N/A,16.14932048,1013.25,3.075288475,Winter
2030-03,Wadi Al-Hitan (La vallée des Baleines),N/A,18.00985107,1013.25,1.614788486,Spring
2030-04,Wadi Al-Hitan (La vallée des Baleines),N/A,21.51650798,1013.25,1.190668229,Spring
2030-05,Wadi Al-Hitan (La vallée des Baleines),N/A,25.58237915,1013.25,0.5058062532,Spring
2030-06,Wadi Al-Hitan (La vallée des Baleines),N/A,28.50146484,1013.25,0,Summer
2030-07,Wadi Al-Hitan (La vallée des Baleines),N/A,29.57419637,1013.25,0,Summer
2030-08,Wadi Al-Hitan (La vallée des Baleines),N/A,29.98318278,1013.25,0.002419280394,Summer
2030-09,Wadi Al-Hitan (La vallée des Baleines),N/A,28.18705241,1013.25,0.180255296,Autumn
2030-10,Wadi Al-Hitan (La vallée des Baleines),N/A,25.29231974,1013.25,10.75977426,Autumn
2030-11,Wadi Al-Hitan (La vallée des Baleines),N/A,20.86830648,1013.25,1.878581904,Autumn
2030-12,Wadi Al-Hitan (La vallée des Baleines),N/A,16.13794759,1013.25,5.289681137,Winter
2026-01,El-Gelf El-Keber,N/A,13.63318216,1013.25,0.007353205953,Winter
2026-02,El-Gelf El-Keber,N/A,16.1307847,1013.25,4.57E-04,Winter
2026-03,El-Gelf El-Keber,N/A,19.6947906,1013.25,0,Spring
2026-04,El-Gelf El-Keber,N/A,24.92358095,1013.25,0.3903820287,Spring
2026-05,El-Gelf El-Keber,N/A,29.12685446,1013.25,2.998273313,Spring
2026-06,El-Gelf El-Keber,N/A,31.71757243,1013.25,4.166805878,Summer
2026-07,El-Gelf El-Keber,N/A,31.8076999,1013.25,1.807104435,Summer
2026-08,El-Gelf El-Keber,N/A,32.39893997,1013.25,5.82395613,Summer
2026-09,El-Gelf El-Keber,N/A,30.16636203,1013.25,0.3983366248,Autumn
2026-10,El-Gelf El-Keber,N/A,25.788246,1013.25,6.89E-07,Autumn
2026-11,El-Gelf El-Keber,N/A,19.65360925,1013.25,1.69E-08,Autumn
2026-12,El-Gelf El-Keber,N/A,14.40937067,1013.25,3.16E-05,Winter
2027-01,El-Gelf El-Keber,N/A,13.28897633,1013.25,0.00589702514,Winter
2027-02,El-Gelf El-Keber,N/A,16.49791161,1013.25,2.37E-04,Winter
2027-03,El-Gelf El-Keber,N/A,19.44523045,1013.25,1.61E-08,Spring
2027-04,El-Gelf El-Keber,N/A,24.40266736,1013.25,0.3220859558,Spring
2027-05,El-Gelf El-Keber,N/A,29.36795841,1013.25,3.407334106,Spring
2027-06,El-Gelf El-Keber,N/A,31.81838618,1013.25,2.899320017,Summer
2027-07,El-Gelf El-Keber,N/A,31.75661214,1013.25,2.139857105,Summer
2027-08,El-Gelf El-Keber,N/A,32.2229359,1013.25,6.681701331,Summer
2027-09,El-Gelf El-Keber,N/A,30.33446354,1013.25,0.9917707689,Autumn
2027-10,El-Gelf El-Keber,N/A,26.23455465,1013.25,9.87E-08,Autumn
2027-11,El-Gelf El-Keber,N/A,19.70450821,1013.25,6.58E-06,Autumn
2027-12,El-Gelf El-Keber,N/A,15.2366305,1013.25,2.14E-05,Winter
2028-01,El-Gelf El-Keber,N/A,13.85941755,1013.25,0.002270982412,Winter
2028-02,El-Gelf El-Keber,N/A,15.82104119,1013.25,3.43E-04,Winter
2028-03,El-Gelf El-Keber,N/A,19.88152557,1013.25,5.71E-05,Spring
2028-04,El-Gelf El-Keber,N/A,24.69716004,1013.25,0.5875576827,Spring
2028-05,El-Gelf El-Keber,N/A,29.02729213,1013.25,2.428230303,Spring
2028-06,El-Gelf El-Keber,N/A,31.42100931,1013.25,9.007773485,Summer
2028-07,El-Gelf El-Keber,N/A,31.99745623,1013.25,1.955786832,Summer
2028-08,El-Gelf El-Keber,N/A,32.17468066,1013.25,3.751905559,Summer
2028-09,El-Gelf El-Keber,N/A,30.05172557,1013.25,0.2423108169,Autumn
2028-10,El-Gelf El-Keber,N/A,26.13920221,1013.25,5.21E-09,Autumn
2028-11,El-Gelf El-Keber,N/A,19.68584991,1013.25,2.33E-07,Autumn
2028-12,El-Gelf El-Keber,N/A,15.10960332,1013.25,4.31E-05,Winter
2029-01,El-Gelf El-Keber,N/A,13.75477706,1013.25,0.004600626407,Winter
2029-02,El-Gelf El-Keber,N/A,15.71614447,1013.25,3.80E-05,Winter
2029-03,El-Gelf El-Keber,N/A,19.97928007,1013.25,1.69E-08,Spring
2029-04,El-Gelf El-Keber,N/A,24.51969328,1013.25,0.373550166,Spring
2029-05,El-Gelf El-Keber,N/A,29.22016124,1013.25,4.765705085,Spring
2029-06,El-Gelf El-Keber,N/A,31.49065454,1013.25,2.55612279,Summer
2029-07,El-Gelf El-Keber,N/A,32.03636019,1013.25,1.275191656,Summer
2029-08,El-Gelf El-Keber,N/A,32.76457548,1013.25,4.939527587,Summer
2029-09,El-Gelf El-Keber,N/A,30.33338151,1013.25,0.4967973393,Autumn
2029-10,El-Gelf El-Keber,N/A,25.98854348,1013.25,4.65E-10,Autumn
2029-11,El-Gelf El-Keber,N/A,19.84675442,1013.25,3.87E-08,Autumn
2029-12,El-Gelf El-Keber,N/A,15.05456207,1013.25,1.39E-05,Winter
2030-01,El-Gelf El-Keber,N/A,13.5416945,1013.25,0.01121095171,Winter
2030-02,El-Gelf El-Keber,N/A,16.99563012,1013.25,4.61E-04,Winter
2030-03,El-Gelf El-Keber,N/A,19.47050334,1013.25,1.10E-07,Spring
2030-04,El-Gelf El-Keber,N/A,23.93446476,1013.25,0.7334757007,Spring
2030-05,El-Gelf El-Keber,N/A,29.15091868,1013.25,3.335397638,Spring
2030-06,El-Gelf El-Keber,N/A,31.70178198,1013.25,2.689092781,Summer
2030-07,El-Gelf El-Keber,N/A,31.77104532,1013.25,1.729225731,Summer
2030-08,El-Gelf El-Keber,N/A,32.19509943,1013.25,4.105961586,Summer
2030-09,El-Gelf El-Keber,N/A,30.18634138,1013.25,0.5464271022,Autumn
2030-10,El-Gelf El-Keber,N/A,26.46229885,1013.25,5.29E-07,Autumn
2030-11,El-Gelf El-Keber,N/A,20.01838784,1013.25,2.26E-16,Autumn
2030-12,El-Gelf El-Keber,N/A,15.03361506,1013.25,5.37E-04,Winter
2026-01,White Desert Reserve,N/A,14.16210641,1013.25,0.2923472904,Winter
2026-02,White Desert Reserve,N/A,15.81427103,1013.25,0.02904447485,Winter
2026-03,White Desert Reserve,N/A,19.39471161,1013.25,0.04071061885,Spring
2026-04,White Desert Reserve,N/A,24.38266863,1013.25,0.004827230043,Spring
2026-05,White Desert Reserve,N/A,27.92324969,1013.25,1.25E-05,Spring
2026-06,White Desert Reserve,N/A,31.09258253,1013.25,5.06E-05,Summer
2026-07,White Desert Reserve,N/A,31.65869674,1013.25,0,Summer
2026-08,White Desert Reserve,N/A,32.17366638,1013.25,0,Summer
2026-09,White Desert Reserve,N/A,29.5380385,1013.25,1.33E-06,Autumn
2026-10,White Desert Reserve,N/A,25.42042618,1013.25,1.25E-04,Autumn
2026-11,White Desert Reserve,N/A,20.21811868,1013.25,0.003866914635,Autumn
2026-12,White Desert Reserve,N/A,15.16316848,1013.25,0.3504378834,Winter
2027-01,White Desert Reserve,N/A,13.97068659,1013.25,0.3226112411,Winter
2027-02,White Desert Reserve,N/A,16.05664044,1013.25,0.0769661263,Winter
2027-03,White Desert Reserve,N/A,19.11907779,1013.25,0.06652090497,Spring
2027-04,White Desert Reserve,N/A,23.81116809,1013.25,0.009685472088,Spring
2027-05,White Desert Reserve,N/A,27.91501827,1013.25,3.55E-04,Spring
2027-06,White Desert Reserve,N/A,31.01262065,1013.25,3.84E-05,Summer
2027-07,White Desert Reserve,N/A,31.64041108,1013.25,0,Summer
2027-08,White Desert Reserve,N/A,31.93812954,1013.25,0,Summer
2027-09,White Desert Reserve,N/A,29.5348045,1013.25,6.41E-04,Autumn
2027-10,White Desert Reserve,N/A,25.69870965,1013.25,0.02414151401,Autumn
2027-11,White Desert Reserve,N/A,20.11190515,1013.25,0.0154853032,Autumn
2027-12,White Desert Reserve,N/A,15.7965749,1013.25,0.04782346856,Winter
2028-01,White Desert Reserve,N/A,14.34083501,1013.25,0.3330508852,Winter
2028-02,White Desert Reserve,N/A,15.783175,1013.25,0.1625059461,Winter
2028-03,White Desert Reserve,N/A,19.72098964,1013.25,0.01320680519,Spring
2028-04,White Desert Reserve,N/A,24.02809106,1013.25,3.16E-04,Spring
2028-05,White Desert Reserve,N/A,27.7294147,1013.25,4.18E-04,Spring
2028-06,White Desert Reserve,N/A,30.68602226,1013.25,1.53E-07,Summer
2028-07,White Desert Reserve,N/A,31.91419417,1013.25,0,Summer
2028-08,White Desert Reserve,N/A,31.82473476,1013.25,0,Summer
2028-09,White Desert Reserve,N/A,29.51460164,1013.25,6.57E-08,Autumn
2028-10,White Desert Reserve,N/A,25.82236002,1013.25,7.99E-04,Autumn
2028-11,White Desert Reserve,N/A,20.09070962,1013.25,0.02557976004,Autumn
2028-12,White Desert Reserve,N/A,15.66826526,1013.25,0.1192351717,Winter
2029-01,White Desert Reserve,N/A,14.17033738,1013.25,0.4140597453,Winter
2029-02,White Desert Reserve,N/A,15.58616085,1013.25,0.1599489338,Winter
2029-03,White Desert Reserve,N/A,19.59627569,1013.25,0.1652235918,Spring
2029-04,White Desert Reserve,N/A,23.94933162,1013.25,0.004179354935,Spring
2029-05,White Desert Reserve,N/A,27.85297057,1013.25,4.56E-04,Spring
2029-06,White Desert Reserve,N/A,30.6200765,1013.25,1.00E-06,Summer
2029-07,White Desert Reserve,N/A,31.8554229,1013.25,0,Summer
2029-08,White Desert Reserve,N/A,32.45426749,1013.25,0,Summer
2029-09,White Desert Reserve,N/A,29.55183847,1013.25,8.80E-05,Autumn
2029-10,White Desert Reserve,N/A,25.65849149,1013.25,1.00E-04,Autumn
2029-11,White Desert Reserve,N/A,20.4422883,1013.25,0.007644787624,Autumn
2029-12,White Desert Reserve,N/A,15.65596831,1013.25,0.08205881634,Winter
2030-01,White Desert Reserve,N/A,14.095315,1013.25,0.4127354273,Winter
2030-02,White Desert Reserve,N/A,16.48044862,1013.25,0.1653773168,Winter
2030-03,White Desert Reserve,N/A,19.26597881,1013.25,0.01471119603,Spring
2030-04,White Desert Reserve,N/A,23.48480954,1013.25,0.003907208416,Spring
2030-05,White Desert Reserve,N/A,27.87671828,1013.25,6.19E-04,Spring
2030-06,White Desert Reserve,N/A,30.90868496,1013.25,4.46E-05,Summer
2030-07,White Desert Reserve,N/A,31.61553844,1013.25,0,Summer
2030-08,White Desert Reserve,N/A,31.9327221,1013.25,1.94E-17,Summer
2030-09,White Desert Reserve,N/A,29.66280303,1013.25,3.29E-04,Autumn
2030-10,White Desert Reserve,N/A,25.93069929,1013.25,0.01287828223,Autumn
2030-11,White Desert Reserve,N/A,20.6990338,1013.25,6.03E-04,Autumn
2030-12,White Desert Reserve,N/A,15.63597575,1013.25,0.1498854462,Winter
2026-01,Taba Reserve,N/A,12.04995963,1013.25,4.577311916,Winter
2026-02,Taba Reserve,N/A,13.20915085,1013.25,3.290526554,Winter
2026-03,Taba Reserve,N/A,16.25519996,1013.25,8.993851856,Spring
2026-04,Taba Reserve,N/A,20.42913835,1013.25,10.85694198,Spring
2026-05,Taba Reserve,N/A,24.23734165,1013.25,5.755235596,Spring
2026-06,Taba Reserve,N/A,27.36818492,1013.25,0.8636869446,Summer
2026-07,Taba Reserve,N/A,28.70372788,1013.25,0,Summer
2026-08,Taba Reserve,N/A,29.22649923,1013.25,4.34E-16,Summer
2026-09,Taba Reserve,N/A,27.04482458,1013.25,1.623419525,Autumn
2026-10,Taba Reserve,N/A,23.48678767,1013.25,1.697507174,Autumn
2026-11,Taba Reserve,N/A,18.6677917,1013.25,3.263938313,Autumn
2026-12,Taba Reserve,N/A,13.30129147,1013.25,4.098616348,Winter
2027-01,Taba Reserve,N/A,11.68006734,1013.25,3.518238158,Winter
2027-02,Taba Reserve,N/A,13.67245616,1013.25,5.577818077,Winter
2027-03,Taba Reserve,N/A,15.90395707,1013.25,8.767548193,Spring
2027-04,Taba Reserve,N/A,20.05377058,1013.25,8.150757577,Spring
2027-05,Taba Reserve,N/A,24.38756048,1013.25,4.385273104,Spring
2027-06,Taba Reserve,N/A,27.32974731,1013.25,0.4795262022,Summer
2027-07,Taba Reserve,N/A,28.97055599,1013.25,0,Summer
2027-08,Taba Reserve,N/A,29.22834242,1013.25,7.08E-06,Summer
2027-09,Taba Reserve,N/A,27.20123488,1013.25,0.3654401922,Autumn
2027-10,Taba Reserve,N/A,23.49031968,1013.25,4.134923004,Autumn
2027-11,Taba Reserve,N/A,18.57198143,1013.25,2.239059704,Autumn
2027-12,Taba Reserve,N/A,13.97626585,1013.25,4.338256561,Winter
2028-01,Taba Reserve,N/A,12.0714515,1013.25,2.648135904,Winter
2028-02,Taba Reserve,N/A,13.34335265,1013.25,5.060846623,Winter
2028-03,Taba Reserve,N/A,16.37028285,1013.25,6.669723613,Spring
2028-04,Taba Reserve,N/A,20.09910394,1013.25,16.86600061,Spring
2028-05,Taba Reserve,N/A,24.07492109,1013.25,13.45965444,Spring
2028-06,Taba Reserve,N/A,27.09221211,1013.25,0.2191720568,Summer
2028-07,Taba Reserve,N/A,29.07627347,1013.25,0,Summer
2028-08,Taba Reserve,N/A,29.18819409,1013.25,1.93E-04,Summer
2028-09,Taba Reserve,N/A,27.1151681,1013.25,0.1079694203,Autumn
2028-10,Taba Reserve,N/A,23.70023864,1013.25,3.402781188,Autumn
2028-11,Taba Reserve,N/A,18.36873152,1013.25,5.171462694,Autumn
2028-12,Taba Reserve,N/A,13.74008176,1013.25,1.59812494,Winter
2029-01,Taba Reserve,N/A,11.91163662,1013.25,5.229078524,Winter
2029-02,Taba Reserve,N/A,12.9860248,1013.25,4.601402469,Winter
2029-03,Taba Reserve,N/A,16.23660007,1013.25,12.15918974,Spring
2029-04,Taba Reserve,N/A,20.12044675,1013.25,9.916209072,Spring
2029-05,Taba Reserve,N/A,24.30120816,1013.25,12.89521442,Spring
2029-06,Taba Reserve,N/A,27.22100008,1013.25,0.05807984136,Summer
2029-07,Taba Reserve,N/A,28.97575842,1013.25,0,Summer
2029-08,Taba Reserve,N/A,29.53284182,1013.25,0,Summer
2029-09,Taba Reserve,N/A,27.24311951,1013.25,0.01528146937,Autumn
2029-10,Taba Reserve,N/A,23.5004729,1013.25,2.374349452,Autumn
2029-11,Taba Reserve,N/A,18.73730029,1013.25,2.164649414,Autumn
2029-12,Taba Reserve,N/A,13.93917642,1013.25,3.199030985,Winter
2030-01,Taba Reserve,N/A,11.95184086,1013.25,7.175960527,Winter
2030-02,Taba Reserve,N/A,13.99545759,1013.25,5.572469545,Winter
2030-03,Taba Reserve,N/A,16.09660503,1013.25,7.451681573,Spring
2030-04,Taba Reserve,N/A,19.96575896,1013.25,4.975954745,Spring
2030-05,Taba Reserve,N/A,24.23869136,1013.25,8.791856715,Spring
2030-06,Taba Reserve,N/A,27.46279004,1013.25,0.05245513449,Summer
2030-07,Taba Reserve,N/A,28.94215799,1013.25,0,Summer
2030-08,Taba Reserve,N/A,29.38889095,1013.25,8.52E-17,Summer
2030-09,Taba Reserve,N/A,27.29648772,1013.25,0.2532921312,Autumn
2030-10,Taba Reserve,N/A,23.96387877,1013.25,2.49638581,Autumn
2030-11,Taba Reserve,N/A,19.01351566,1013.25,3.583570148,Autumn
2030-12,Taba Reserve,N/A,13.77177311,1013.25,2.27178041,Winter
2026-01,Petrified Forest Reserve,N/A,13.34719238,1013.25,3.579690027,Winter
2026-02,Petrified Forest Reserve,N/A,14.31749878,1013.25,3.084216354,Winter
2026-03,Petrified Forest Reserve,N/A,16.97738037,1013.25,3.973420103,Spring
2026-04,Petrified Forest Reserve,N/A,20.93029175,1013.25,2.736124101,Spring
2026-05,Petrified Forest Reserve,N/A,24.36629639,1013.25,0.5214621948,Spring
2026-06,Petrified Forest Reserve,N/A,27.33233032,1013.25,0,Summer
2026-07,Petrified Forest Reserve,N/A,28.01485596,1013.25,1.27E-15,Summer
2026-08,Petrified Forest Reserve,N/A,28.58535156,1013.25,1.61E-15,Summer
2026-09,Petrified Forest Reserve,N/A,26.70177612,1013.25,0.003159393067,Autumn
2026-10,Petrified Forest Reserve,N/A,23.82509766,1013.25,0.2170295401,Autumn
2026-11,Petrified Forest Reserve,N/A,19.46868286,1013.25,1.653230162,Autumn
2026-12,Petrified Forest Reserve,N/A,14.78670654,1013.25,3.513436259,Winter
2027-01,Petrified Forest Reserve,N/A,13.04934082,1013.25,3.253714594,Winter
2027-02,Petrified Forest Reserve,N/A,14.64925537,1013.25,3.250430909,Winter
2027-03,Petrified Forest Reserve,N/A,16.71517334,1013.25,4.919464156,Spring
2027-04,Petrified Forest Reserve,N/A,20.43956909,1013.25,2.263546883,Spring
2027-05,Petrified Forest Reserve,N/A,24.36647949,1013.25,0.3301802191,Spring
2027-06,Petrified Forest Reserve,N/A,27.03203735,1013.25,0,Summer
2027-07,Petrified Forest Reserve,N/A,28.15041504,1013.25,9.01E-16,Summer
2027-08,Petrified Forest Reserve,N/A,28.42965088,1013.25,8.95E-16,Summer
2027-09,Petrified Forest Reserve,N/A,26.68325195,1013.25,0.02671674696,Autumn
2027-10,Petrified Forest Reserve,N/A,23.91671143,1013.25,1.047889547,Autumn
2027-11,Petrified Forest Reserve,N/A,19.41838989,1013.25,1.592524637,Autumn
2027-12,Petrified Forest Reserve,N/A,15.36574707,1013.25,2.735916777,Winter
2028-01,Petrified Forest Reserve,N/A,13.39025269,1013.25,2.86006247,Winter
2028-02,Petrified Forest Reserve,N/A,14.4939209,1013.25,3.203298812,Winter
2028-03,Petrified Forest Reserve,N/A,17.20205078,1013.25,3.945000923,Spring
2028-04,Petrified Forest Reserve,N/A,20.5876709,1013.25,3.431475263,Spring
2028-05,Petrified Forest Reserve,N/A,24.20525513,1013.25,0.2099020409,Spring
2028-06,Petrified Forest Reserve,N/A,26.98015747,1013.25,0,Summer
2028-07,Petrified Forest Reserve,N/A,28.23485718,1013.25,0,Summer
2028-08,Petrified Forest Reserve,N/A,28.415979,1013.25,0,Summer
2028-09,Petrified Forest Reserve,N/A,26.75390015,1013.25,0.01650281115,Autumn
2028-10,Petrified Forest Reserve,N/A,24.18627319,1013.25,0.6064237237,Autumn
2028-11,Petrified Forest Reserve,N/A,19.37886963,1013.25,2.184795236,Autumn
2028-12,Petrified Forest Reserve,N/A,15.20342407,1013.25,1.970061121,Winter
2029-01,Petrified Forest Reserve,N/A,13.30205688,1013.25,4.14612727,Winter
2029-02,Petrified Forest Reserve,N/A,14.18737183,1013.25,4.460644363,Winter
2029-03,Petrified Forest Reserve,N/A,17.06875,1013.25,4.771538018,Spring
2029-04,Petrified Forest Reserve,N/A,20.6194397,1013.25,3.26010244,Spring
2029-05,Petrified Forest Reserve,N/A,24.40728149,1013.25,0.3425252486,Spring
2029-06,Petrified Forest Reserve,N/A,26.91945801,1013.25,0,Summer
2029-07,Petrified Forest Reserve,N/A,28.30092773,1013.25,5.37E-04,Summer
2029-08,Petrified Forest Reserve,N/A,28.84841309,1013.25,0,Summer
2029-09,Petrified Forest Reserve,N/A,26.77541504,1013.25,0.004072843502,Autumn
2029-10,Petrified Forest Reserve,N/A,23.95675049,1013.25,0.8605360634,Autumn
2029-11,Petrified Forest Reserve,N/A,19.69725952,1013.25,1.641531513,Autumn
2029-12,Petrified Forest Reserve,N/A,15.27355347,1013.25,3.074513077,Winter
2030-01,Petrified Forest Reserve,N/A,13.21404419,1013.25,4.003550262,Winter
2030-02,Petrified Forest Reserve,N/A,14.95494995,1013.25,2.706696981,Winter
2030-03,Petrified Forest Reserve,N/A,16.80632935,1013.25,3.415749382,Spring
2030-04,Petrified Forest Reserve,N/A,20.32598267,1013.25,1.982468289,Spring
2030-05,Petrified Forest Reserve,N/A,24.29741821,1013.25,0.580871857,Spring
2030-06,Petrified Forest Reserve,N/A,27.08471069,1013.25,0,Summer
2030-07,Petrified Forest Reserve,N/A,28.15859375,1013.25,5.96E-17,Summer
2030-08,Petrified Forest Reserve,N/A,28.468927,1013.25,0,Summer
2030-09,Petrified Forest Reserve,N/A,26.91497192,1013.25,0.09570028533,Autumn
2030-10,Petrified Forest Reserve,N/A,24.28740845,1013.25,1.194035129,Autumn
2030-11,Petrified Forest Reserve,N/A,19.96108398,1013.25,2.107717939,Autumn
2030-12,Petrified Forest Reserve,N/A,15.1513916,1013.25,2.449430731,Winter
2026-01,Qubbat Al-Hassana Reserve,N/A,15.25658569,1013.25,4.050835884,Winter
2026-02,Qubbat Al-Hassana Reserve,N/A,16.17434082,1013.25,2.384852448,Winter
2026-03,Qubbat Al-Hassana Reserve,N/A,18.71212158,1013.25,1.741266337,Spring
2026-04,Qubbat Al-Hassana Reserve,N/A,22.68123779,1013.25,0.8936604181,Spring
2026-05,Qubbat Al-Hassana Reserve,N/A,26.22710571,1013.25,0.1449048348,Spring
2026-06,Qubbat Al-Hassana Reserve,N/A,29.19020996,1013.25,0,Summer
2026-07,Qubbat Al-Hassana Reserve,N/A,29.77868042,1013.25,3.99E-16,Summer
2026-08,Qubbat Al-Hassana Reserve,N/A,30.37392578,1013.25,9.50E-15,Summer
2026-09,Qubbat Al-Hassana Reserve,N/A,28.54897461,1013.25,6.51E-04,Autumn
2026-10,Qubbat Al-Hassana Reserve,N/A,25.65548096,1013.25,0.1688919296,Autumn
2026-11,Qubbat Al-Hassana Reserve,N/A,21.26152954,1013.25,1.562919542,Autumn
2026-12,Qubbat Al-Hassana Reserve,N/A,16.65297852,1013.25,4.148820257,Winter
2027-01,Qubbat Al-Hassana Reserve,N/A,14.97145996,1013.25,3.950801017,Winter
2027-02,Qubbat Al-Hassana Reserve,N/A,16.49074707,1013.25,2.57666168,Winter
2027-03,Qubbat Al-Hassana Reserve,N/A,18.45421753,1013.25,2.121266408,Spring
2027-04,Qubbat Al-Hassana Reserve,N/A,22.19432983,1013.25,0.7343872239,Spring
2027-05,Qubbat Al-Hassana Reserve,N/A,26.21132813,1013.25,0.2567488998,Spring
2027-06,Qubbat Al-Hassana Reserve,N/A,28.89278564,1013.25,0,Summer
2027-07,Qubbat Al-Hassana Reserve,N/A,29.84935913,1013.25,3.62E-16,Summer
2027-08,Qubbat Al-Hassana Reserve,N/A,30.19985352,1013.25,8.78E-16,Summer
2027-09,Qubbat Al-Hassana Reserve,N/A,28.49804077,1013.25,0.005834041922,Autumn
2027-10,Qubbat Al-Hassana Reserve,N/A,25.75029907,1013.25,0.5114438789,Autumn
2027-11,Qubbat Al-Hassana Reserve,N/A,21.22115479,1013.25,1.54409238,Autumn
2027-12,Qubbat Al-Hassana Reserve,N/A,17.21862183,1013.25,3.257998284,Winter
2028-01,Qubbat Al-Hassana Reserve,N/A,15.30672607,1013.25,3.438686365,Winter
2028-02,Qubbat Al-Hassana Reserve,N/A,16.35354004,1013.25,2.328998223,Winter
2028-03,Qubbat Al-Hassana Reserve,N/A,18.94860229,1013.25,1.61732755,Spring
2028-04,Qubbat Al-Hassana Reserve,N/A,22.34102783,1013.25,1.119059265,Spring
2028-05,Qubbat Al-Hassana Reserve,N/A,26.0644165,1013.25,0.08460585525,Spring
2028-06,Qubbat Al-Hassana Reserve,N/A,28.83013306,1013.25,0,Summer
2028-07,Qubbat Al-Hassana Reserve,N/A,29.95153198,1013.25,0,Summer
2028-08,Qubbat Al-Hassana Reserve,N/A,30.1897522,1013.25,4.19E-19,Summer
2028-09,Qubbat Al-Hassana Reserve,N/A,28.59380493,1013.25,0.00119412089,Autumn
2028-10,Qubbat Al-Hassana Reserve,N/A,26.00600586,1013.25,0.3885028204,Autumn
2028-11,Qubbat Al-Hassana Reserve,N/A,21.18929443,1013.25,1.987342383,Autumn
2028-12,Qubbat Al-Hassana Reserve,N/A,17.04906616,1013.25,2.57801617,Winter
2029-01,Qubbat Al-Hassana Reserve,N/A,15.21010742,1013.25,5.109397126,Winter
2029-02,Qubbat Al-Hassana Reserve,N/A,16.05608521,1013.25,3.455521123,Winter
2029-03,Qubbat Al-Hassana Reserve,N/A,18.79750977,1013.25,1.967870861,Spring
2029-04,Qubbat Al-Hassana Reserve,N/A,22.36330566,1013.25,1.079136375,Spring
2029-05,Qubbat Al-Hassana Reserve,N/A,26.26864014,1013.25,0.08152526917,Spring
2029-06,Qubbat Al-Hassana Reserve,N/A,28.77422485,1013.25,0,Summer
2029-07,Qubbat Al-Hassana Reserve,N/A,30.02526245,1013.25,1.24E-04,Summer
2029-08,Qubbat Al-Hassana Reserve,N/A,30.62828979,1013.25,0,Summer
2029-09,Qubbat Al-Hassana Reserve,N/A,28.60085449,1013.25,7.77E-04,Autumn
2029-10,Qubbat Al-Hassana Reserve,N/A,25.78841553,1013.25,0.5751397427,Autumn
2029-11,Qubbat Al-Hassana Reserve,N/A,21.50423584,1013.25,1.56149655,Autumn
2029-12,Qubbat Al-Hassana Reserve,N/A,17.09786377,1013.25,3.819488638,Winter
2030-01,Qubbat Al-Hassana Reserve,N/A,15.10210571,1013.25,4.715045873,Winter
2030-02,Qubbat Al-Hassana Reserve,N/A,16.79085693,1013.25,2.018060116,Winter
2030-03,Qubbat Al-Hassana Reserve,N/A,18.54473267,1013.25,1.445355748,Spring
2030-04,Qubbat Al-Hassana Reserve,N/A,22.07265625,1013.25,0.7427107239,Spring
2030-05,Qubbat Al-Hassana Reserve,N/A,26.15905151,1013.25,0.1831973796,Spring
2030-06,Qubbat Al-Hassana Reserve,N/A,28.93660889,1013.25,0,Summer
2030-07,Qubbat Al-Hassana Reserve,N/A,29.87896118,1013.25,2.24E-17,Summer
2030-08,Qubbat Al-Hassana Reserve,N/A,30.23949585,1013.25,0,Summer
2030-09,Qubbat Al-Hassana Reserve,N/A,28.73143921,1013.25,0.01699291766,Autumn
2030-10,Qubbat Al-Hassana Reserve,N/A,26.10241089,1013.25,0.6705565052,Autumn
2030-11,Qubbat Al-Hassana Reserve,N/A,21.77214966,1013.25,1.914774517,Autumn
2030-12,Qubbat Al-Hassana Reserve,N/A,17.00124512,1013.25,3.120933009,Winter
2026-01,Wadi Sinnur Cave Reserve,N/A,14.42775879,1013.25,0.9871725577,Winter
2026-02,Wadi Sinnur Cave Reserve,N/A,15.61046753,1013.25,0.6414870975,Winter
2026-03,Wadi Sinnur Cave Reserve,N/A,18.5508667,1013.25,2.380203988,Spring
2026-04,Wadi Sinnur Cave Reserve,N/A,23.00646362,1013.25,1.417094269,Spring
2026-05,Wadi Sinnur Cave Reserve,N/A,26.69780884,1013.25,0.07392676264,Spring
2026-06,Wadi Sinnur Cave Reserve,N/A,29.5465332,1013.25,0,Summer
2026-07,Wadi Sinnur Cave Reserve,N/A,30.04384766,1013.25,1.44E-15,Summer
2026-08,Wadi Sinnur Cave Reserve,N/A,30.57439575,1013.25,1.88E-20,Summer
2026-09,Wadi Sinnur Cave Reserve,N/A,28.50466309,1013.25,3.65E-05,Autumn
2026-10,Wadi Sinnur Cave Reserve,N/A,25.38829956,1013.25,0,Autumn
2026-11,Wadi Sinnur Cave Reserve,N/A,20.73311768,1013.25,0.2097715374,Autumn
2026-12,Wadi Sinnur Cave Reserve,N/A,15.84642944,1013.25,1.056909945,Winter
2027-01,Wadi Sinnur Cave Reserve,N/A,14.1713501,1013.25,0.9802830434,Winter
2027-02,Wadi Sinnur Cave Reserve,N/A,16.02877197,1013.25,1.211835588,Winter
2027-03,Wadi Sinnur Cave Reserve,N/A,18.24794922,1013.25,2.124942318,Spring
2027-04,Wadi Sinnur Cave Reserve,N/A,22.48400269,1013.25,0.9035274325,Spring
2027-05,Wadi Sinnur Cave Reserve,N/A,26.69069824,1013.25,0.1485781564,Spring
2027-06,Wadi Sinnur Cave Reserve,N/A,29.36022339,1013.25,0,Summer
2027-07,Wadi Sinnur Cave Reserve,N/A,30.13213501,1013.25,5.23E-16,Summer
2027-08,Wadi Sinnur Cave Reserve,N/A,30.45510254,1013.25,0,Summer
2027-09,Wadi Sinnur Cave Reserve,N/A,28.54937134,1013.25,5.68E-04,Autumn
2027-10,Wadi Sinnur Cave Reserve,N/A,25.54317627,1013.25,0,Autumn
2027-11,Wadi Sinnur Cave Reserve,N/A,20.69924316,1013.25,0.1225570358,Autumn
2027-12,Wadi Sinnur Cave Reserve,N/A,16.47661743,1013.25,0.3467575158,Winter
2028-01,Wadi Sinnur Cave Reserve,N/A,14.52828369,1013.25,0.7129729634,Winter
2028-02,Wadi Sinnur Cave Reserve,N/A,15.75008545,1013.25,1.184366805,Winter
2028-03,Wadi Sinnur Cave Reserve,N/A,18.8116394,1013.25,1.197714465,Spring
2028-04,Wadi Sinnur Cave Reserve,N/A,22.650354,1013.25,1.353848635,Spring
2028-05,Wadi Sinnur Cave Reserve,N/A,26.4928833,1013.25,0.04260841131,Spring
2028-06,Wadi Sinnur Cave Reserve,N/A,29.16307983,1013.25,0,Summer
2028-07,Wadi Sinnur Cave Reserve,N/A,30.322229,1013.25,7.03E-17,Summer
2028-08,Wadi Sinnur Cave Reserve,N/A,30.4092041,1013.25,1.12E-17,Summer
2028-09,Wadi Sinnur Cave Reserve,N/A,28.60970459,1013.25,6.84E-07,Autumn
2028-10,Wadi Sinnur Cave Reserve,N/A,25.76845703,1013.25,0,Autumn
2028-11,Wadi Sinnur Cave Reserve,N/A,20.63317261,1013.25,0.3361209924,Autumn
2028-12,Wadi Sinnur Cave Reserve,N/A,16.28579102,1013.25,0.3959356749,Winter
2029-01,Wadi Sinnur Cave Reserve,N/A,14.3562561,1013.25,1.408041852,Winter
2029-02,Wadi Sinnur Cave Reserve,N/A,15.4526001,1013.25,1.354768064,Winter
2029-03,Wadi Sinnur Cave Reserve,N/A,18.72316895,1013.25,3.1023531,Spring
2029-04,Wadi Sinnur Cave Reserve,N/A,22.64550171,1013.25,1.227900676,Spring
2029-05,Wadi Sinnur Cave Reserve,N/A,26.7449585,1013.25,0.13528703,Spring
2029-06,Wadi Sinnur Cave Reserve,N/A,29.13701782,1013.25,0,Summer
2029-07,Wadi Sinnur Cave Reserve,N/A,30.28875122,1013.25,2.31E-16,Summer
2029-08,Wadi Sinnur Cave Reserve,N/A,30.91790161,1013.25,0,Summer
2029-09,Wadi Sinnur Cave Reserve,N/A,28.65691528,1013.25,9.24E-08,Autumn
2029-10,Wadi Sinnur Cave Reserve,N/A,25.54296265,1013.25,0,Autumn
2029-11,Wadi Sinnur Cave Reserve,N/A,20.96917114,1013.25,0.1253385589,Autumn
2029-12,Wadi Sinnur Cave Reserve,N/A,16.31136475,1013.25,0.4966404021,Winter
2030-01,Wadi Sinnur Cave Reserve,N/A,14.30571899,1013.25,1.919670981,Winter
2030-02,Wadi Sinnur Cave Reserve,N/A,16.32439575,1013.25,0.8834294295,Winter
2030-03,Wadi Sinnur Cave Reserve,N/A,18.41542969,1013.25,1.050811823,Spring
2030-04,Wadi Sinnur Cave Reserve,N/A,22.30526123,1013.25,0.5516886649,Spring
2030-05,Wadi Sinnur Cave Reserve,N/A,26.63457642,1013.25,0.2203738507,Spring
2030-06,Wadi Sinnur Cave Reserve,N/A,29.36367188,1013.25,0,Summer
2030-07,Wadi Sinnur Cave Reserve,N/A,30.14284668,1013.25,0,Summer
2030-08,Wadi Sinnur Cave Reserve,N/A,30.5197998,1013.25,0,Summer
2030-09,Wadi Sinnur Cave Reserve,N/A,28.77437744,1013.25,0.002597580071,Autumn
2030-10,Wadi Sinnur Cave Reserve,N/A,25.90252075,1013.25,0,Autumn
2030-11,Wadi Sinnur Cave Reserve,N/A,21.25679932,1013.25,0.08314869638,Autumn
2030-12,Wadi Sinnur Cave Reserve,N/A,16.25917969,1013.25,0.4402701711,Winter
2026-01,Al-‘Ameed Reserve,N/A,15.4060588,1013.25,34.11830065,Winter
2026-02,Al-‘Ameed Reserve,N/A,15.78919649,1013.25,16.45834053,Winter
2026-03,Al-‘Ameed Reserve,N/A,17.63196078,1013.25,8.458689221,Spring
2026-04,Al-‘Ameed Reserve,N/A,20.68575512,1013.25,2.748445963,Spring
2026-05,Al-‘Ameed Reserve,N/A,23.8752691,1013.25,1.980219532,Spring
2026-06,Al-‘Ameed Reserve,N/A,27.15984135,1013.25,0.07091612856,Summer
2026-07,Al-‘Ameed Reserve,N/A,28.53370124,1013.25,0,Summer
2026-08,Al-‘Ameed Reserve,N/A,29.4773887,1013.25,0,Summer
2026-09,Al-‘Ameed Reserve,N/A,27.69874456,1013.25,0.375202322,Autumn
2026-10,Al-‘Ameed Reserve,N/A,24.70611424,1013.25,2.98671229,Autumn
2026-11,Al-‘Ameed Reserve,N/A,20.71227489,1013.25,12.19641349,Autumn
2026-12,Al-‘Ameed Reserve,N/A,16.68053353,1013.25,29.95688216,Winter
2027-01,Al-‘Ameed Reserve,N/A,15.11636648,1013.25,33.63355331,Winter
2027-02,Al-‘Ameed Reserve,N/A,15.9904629,1013.25,16.57669204,Winter
2027-03,Al-‘Ameed Reserve,N/A,17.48030825,1013.25,10.94946274,Spring
2027-04,Al-‘Ameed Reserve,N/A,20.46316896,1013.25,2.093042841,Spring
2027-05,Al-‘Ameed Reserve,N/A,23.785328,1013.25,1.234831749,Spring
2027-06,Al-‘Ameed Reserve,N/A,26.85755894,1013.25,0.05066487446,Summer
2027-07,Al-‘Ameed Reserve,N/A,28.51370833,1013.25,0,Summer
2027-08,Al-‘Ameed Reserve,N/A,29.25170478,1013.25,0,Summer
2027-09,Al-‘Ameed Reserve,N/A,27.62718962,1013.25,0.3499105486,Autumn
2027-10,Al-‘Ameed Reserve,N/A,24.70881192,1013.25,4.687583597,Autumn
2027-11,Al-‘Ameed Reserve,N/A,20.6630955,1013.25,17.27483814,Autumn
2027-12,Al-‘Ameed Reserve,N/A,17.17490961,1013.25,25.94051183,Winter
2028-01,Al-‘Ameed Reserve,N/A,15.43999235,1013.25,30.18536566,Winter
2028-02,Al-‘Ameed Reserve,N/A,15.93172825,1013.25,17.75438176,Winter
2028-03,Al-‘Ameed Reserve,N/A,17.80289707,1013.25,6.271545306,Spring
2028-04,Al-‘Ameed Reserve,N/A,20.51570972,1013.25,1.679327261,Spring
2028-05,Al-‘Ameed Reserve,N/A,23.76855999,1013.25,1.052643098,Spring
2028-06,Al-‘Ameed Reserve,N/A,26.87059611,1013.25,0.007606404207,Summer
2028-07,Al-‘Ameed Reserve,N/A,28.64083424,1013.25,0,Summer
2028-08,Al-‘Ameed Reserve,N/A,29.30130219,1013.25,0,Summer
2028-09,Al-‘Ameed Reserve,N/A,27.70881473,1013.25,0.1418170518,Autumn
2028-10,Al-‘Ameed Reserve,N/A,24.92824399,1013.25,6.290234806,Autumn
2028-11,Al-‘Ameed Reserve,N/A,20.60978428,1013.25,14.53515873,Autumn
2028-12,Al-‘Ameed Reserve,N/A,16.98958007,1013.25,29.79667707,Winter
2029-01,Al-‘Ameed Reserve,N/A,15.38871838,1013.25,35.53818331,Winter
2029-02,Al-‘Ameed Reserve,N/A,15.69526393,1013.25,26.87339219,Winter
2029-03,Al-‘Ameed Reserve,N/A,17.60959429,1013.25,7.584557799,Spring
2029-04,Al-‘Ameed Reserve,N/A,20.54095636,1013.25,2.751816173,Spring
2029-05,Al-‘Ameed Reserve,N/A,23.83295145,1013.25,1.658690572,Spring
2029-06,Al-‘Ameed Reserve,N/A,26.74882726,1013.25,0.03069894557,Summer
2029-07,Al-‘Ameed Reserve,N/A,28.66947748,1013.25,0,Summer
2029-08,Al-‘Ameed Reserve,N/A,29.64636806,1013.25,0,Summer
2029-09,Al-‘Ameed Reserve,N/A,27.6512785,1013.25,0.2041589389,Autumn
2029-10,Al-‘Ameed Reserve,N/A,24.8084347,1013.25,5.860079552,Autumn
2029-11,Al-‘Ameed Reserve,N/A,20.92180533,1013.25,10.94847768,Autumn
2029-12,Al-‘Ameed Reserve,N/A,16.98895323,1013.25,30.98282268,Winter
2030-01,Al-‘Ameed Reserve,N/A,15.2805247,1013.25,31.87445194,Winter
2030-02,Al-‘Ameed Reserve,N/A,16.27658557,1013.25,15.5753981,Winter
2030-03,Al-‘Ameed Reserve,N/A,17.47997509,1013.25,8.426819741,Spring
2030-04,Al-‘Ameed Reserve,N/A,20.33340152,1013.25,3.058850615,Spring
2030-05,Al-‘Ameed Reserve,N/A,23.86343815,1013.25,2.222864866,Spring
2030-06,Al-‘Ameed Reserve,N/A,26.96423209,1013.25,0.02613853987,Summer
2030-07,Al-‘Ameed Reserve,N/A,28.54103841,1013.25,0,Summer
2030-08,Al-‘Ameed Reserve,N/A,29.27055659,1013.25,0,Summer
2030-09,Al-‘Ameed Reserve,N/A,27.81102416,1013.25,0.3829395616,Autumn
2030-10,Al-‘Ameed Reserve,N/A,24.96785635,1013.25,8.132824578,Autumn
2030-11,Al-‘Ameed Reserve,N/A,21.17902577,1013.25,13.32348219,Autumn
2030-12,Al-‘Ameed Reserve,N/A,16.90555558,1013.25,30.34852119,Winter
2026-01,Al-‘Ameed Reserve,N/A,15.4060588,1013.25,34.11830065,Winter
2026-02,Al-‘Ameed Reserve,N/A,15.78919649,1013.25,16.45834053,Winter
2026-03,Al-‘Ameed Reserve,N/A,17.63196078,1013.25,8.458689221,Spring
2026-04,Al-‘Ameed Reserve,N/A,20.68575512,1013.25,2.748445963,Spring
2026-05,Al-‘Ameed Reserve,N/A,23.8752691,1013.25,1.980219532,Spring
2026-06,Al-‘Ameed Reserve,N/A,27.15984135,1013.25,0.07091612856,Summer
2026-07,Al-‘Ameed Reserve,N/A,28.53370124,1013.25,0,Summer
2026-08,Al-‘Ameed Reserve,N/A,29.4773887,1013.25,0,Summer
2026-09,Al-‘Ameed Reserve,N/A,27.69874456,1013.25,0.375202322,Autumn
2026-10,Al-‘Ameed Reserve,N/A,24.70611424,1013.25,2.98671229,Autumn
2026-11,Al-‘Ameed Reserve,N/A,20.71227489,1013.25,12.19641349,Autumn
2026-12,Al-‘Ameed Reserve,N/A,16.68053353,1013.25,29.95688216,Winter
2027-01,Al-‘Ameed Reserve,N/A,15.11636648,1013.25,33.63355331,Winter
2027-02,Al-‘Ameed Reserve,N/A,15.9904629,1013.25,16.57669204,Winter
2027-03,Al-‘Ameed Reserve,N/A,17.48030825,1013.25,10.94946274,Spring
2027-04,Al-‘Ameed Reserve,N/A,20.46316896,1013.25,2.093042841,Spring
2027-05,Al-‘Ameed Reserve,N/A,23.785328,1013.25,1.234831749,Spring
2027-06,Al-‘Ameed Reserve,N/A,26.85755894,1013.25,0.05066487446,Summer
2027-07,Al-‘Ameed Reserve,N/A,28.51370833,1013.25,0,Summer
2027-08,Al-‘Ameed Reserve,N/A,29.25170478,1013.25,0,Summer
2027-09,Al-‘Ameed Reserve,N/A,27.62718962,1013.25,0.3499105486,Autumn
2027-10,Al-‘Ameed Reserve,N/A,24.70881192,1013.25,4.687583597,Autumn
2027-11,Al-‘Ameed Reserve,N/A,20.6630955,1013.25,17.27483814,Autumn
2027-12,Al-‘Ameed Reserve,N/A,17.17490961,1013.25,25.94051183,Winter
2028-01,Al-‘Ameed Reserve,N/A,15.43999235,1013.25,30.18536566,Winter
2028-02,Al-‘Ameed Reserve,N/A,15.93172825,1013.25,17.75438176,Winter
2028-03,Al-‘Ameed Reserve,N/A,17.80289707,1013.25,6.271545306,Spring
2028-04,Al-‘Ameed Reserve,N/A,20.51570972,1013.25,1.679327261,Spring
2028-05,Al-‘Ameed Reserve,N/A,23.76855999,1013.25,1.052643098,Spring
2028-06,Al-‘Ameed Reserve,N/A,26.87059611,1013.25,0.007606404207,Summer
2028-07,Al-‘Ameed Reserve,N/A,28.64083424,1013.25,0,Summer
2028-08,Al-‘Ameed Reserve,N/A,29.30130219,1013.25,0,Summer
2028-09,Al-‘Ameed Reserve,N/A,27.70881473,1013.25,0.1418170518,Autumn
2028-10,Al-‘Ameed Reserve,N/A,24.92824399,1013.25,6.290234806,Autumn
2028-11,Al-‘Ameed Reserve,N/A,20.60978428,1013.25,14.53515873,Autumn
2028-12,Al-‘Ameed Reserve,N/A,16.98958007,1013.25,29.79667707,Winter
2029-01,Al-‘Ameed Reserve,N/A,15.38871838,1013.25,35.53818331,Winter
2029-02,Al-‘Ameed Reserve,N/A,15.69526393,1013.25,26.87339219,Winter
2029-03,Al-‘Ameed Reserve,N/A,17.60959429,1013.25,7.584557799,Spring
2029-04,Al-‘Ameed Reserve,N/A,20.54095636,1013.25,2.751816173,Spring
2029-05,Al-‘Ameed Reserve,N/A,23.83295145,1013.25,1.658690572,Spring
2029-06,Al-‘Ameed Reserve,N/A,26.74882726,1013.25,0.03069894557,Summer
2029-07,Al-‘Ameed Reserve,N/A,28.66947748,1013.25,0,Summer
2029-08,Al-‘Ameed Reserve,N/A,29.64636806,1013.25,0,Summer
2029-09,Al-‘Ameed Reserve,N/A,27.6512785,1013.25,0.2041589389,Autumn
2029-10,Al-‘Ameed Reserve,N/A,24.8084347,1013.25,5.860079552,Autumn
2029-11,Al-‘Ameed Reserve,N/A,20.92180533,1013.25,10.94847768,Autumn
2029-12,Al-‘Ameed Reserve,N/A,16.98895323,1013.25,30.98282268,Winter
2030-01,Al-‘Ameed Reserve,N/A,15.2805247,1013.25,31.87445194,Winter
2030-02,Al-‘Ameed Reserve,N/A,16.27658557,1013.25,15.5753981,Winter
2030-03,Al-‘Ameed Reserve,N/A,17.47997509,1013.25,8.426819741,Spring
2030-04,Al-‘Ameed Reserve,N/A,20.33340152,1013.25,3.058850615,Spring
2030-05,Al-‘Ameed Reserve,N/A,23.86343815,1013.25,2.222864866,Spring
2030-06,Al-‘Ameed Reserve,N/A,26.96423209,1013.25,0.02613853987,Summer
2030-07,Al-‘Ameed Reserve,N/A,28.54103841,1013.25,0,Summer
2030-08,Al-‘Ameed Reserve,N/A,29.27055659,1013.25,0,Summer
2030-09,Al-‘Ameed Reserve,N/A,27.81102416,1013.25,0.3829395616,Autumn
2030-10,Al-‘Ameed Reserve,N/A,24.96785635,1013.25,8.132824578,Autumn
2030-11,Al-‘Ameed Reserve,N/A,21.17902577,1013.25,13.32348219,Autumn
2030-12,Al-‘Ameed Reserve,N/A,16.90555558,1013.25,30.34852119,Winter
2026-01,Tourism Development Area I,N/A,19.98821411,1013.25,0,Winter
2026-02,Tourism Development Area I,N/A,21.26418457,1013.25,0,Winter
2026-03,Tourism Development Area I,N/A,24.0513855,1013.25,0,Spring
2026-04,Tourism Development Area I,N/A,27.91100464,1013.25,0,Spring
2026-05,Tourism Development Area I,N/A,31.42522583,1013.25,0,Spring
2026-06,Tourism Development Area I,N/A,34.23082886,1013.25,0,Summer
2026-07,Tourism Development Area I,N/A,34.86950073,1013.25,0,Summer
2026-08,Tourism Development Area I,N/A,35.38814697,1013.25,0,Summer
2026-09,Tourism Development Area I,N/A,33.6017395,1013.25,0,Autumn
2026-10,Tourism Development Area I,N/A,30.07473145,1013.25,0,Autumn
2026-11,Tourism Development Area I,N/A,25.67015991,1013.25,0,Autumn
2026-12,Tourism Development Area I,N/A,21.08422241,1013.25,0,Winter
2027-01,Tourism Development Area I,N/A,19.65584717,1013.25,0,Winter
2027-02,Tourism Development Area I,N/A,21.49266968,1013.25,0,Winter
2027-03,Tourism Development Area I,N/A,23.75270996,1013.25,0,Spring
2027-04,Tourism Development Area I,N/A,27.74431763,1013.25,0,Spring
2027-05,Tourism Development Area I,N/A,31.57033691,1013.25,0,Spring
2027-06,Tourism Development Area I,N/A,34.30230103,1013.25,0,Summer
2027-07,Tourism Development Area I,N/A,35.12313232,1013.25,0,Summer
2027-08,Tourism Development Area I,N/A,35.46749268,1013.25,0,Summer
2027-09,Tourism Development Area I,N/A,33.86382446,1013.25,0,Autumn
2027-10,Tourism Development Area I,N/A,30.14644775,1013.25,0,Autumn
2027-11,Tourism Development Area I,N/A,25.51061401,1013.25,0,Autumn
2027-12,Tourism Development Area I,N/A,21.63164673,1013.25,0,Winter
2028-01,Tourism Development Area I,N/A,19.95839844,1013.25,0,Winter
2028-02,Tourism Development Area I,N/A,21.1479126,1013.25,0,Winter
2028-03,Tourism Development Area I,N/A,24.07402954,1013.25,0,Spring
2028-04,Tourism Development Area I,N/A,27.82891235,1013.25,0,Spring
2028-05,Tourism Development Area I,N/A,31.3243042,1013.25,0,Spring
2028-06,Tourism Development Area I,N/A,34.06420288,1013.25,0,Summer
2028-07,Tourism Development Area I,N/A,35.10369263,1013.25,0,Summer
2028-08,Tourism Development Area I,N/A,35.36242065,1013.25,0,Summer
2028-09,Tourism Development Area I,N/A,33.54683838,1013.25,0,Autumn
2028-10,Tourism Development Area I,N/A,30.24447021,1013.25,0,Autumn
2028-11,Tourism Development Area I,N/A,25.50396118,1013.25,0,Autumn
2028-12,Tourism Development Area I,N/A,21.35317383,1013.25,0,Winter
2029-01,Tourism Development Area I,N/A,19.85048828,1013.25,0,Winter
2029-02,Tourism Development Area I,N/A,20.8588501,1013.25,0,Winter
2029-03,Tourism Development Area I,N/A,23.99425659,1013.25,0,Spring
2029-04,Tourism Development Area I,N/A,27.71532593,1013.25,0,Spring
2029-05,Tourism Development Area I,N/A,31.5581604,1013.25,0,Spring
2029-06,Tourism Development Area I,N/A,34.24086914,1013.25,0,Summer
2029-07,Tourism Development Area I,N/A,35.00679932,1013.25,0,Summer
2029-08,Tourism Development Area I,N/A,35.7104126,1013.25,0,Summer
2029-09,Tourism Development Area I,N/A,33.8461853,1013.25,0,Autumn
2029-10,Tourism Development Area I,N/A,30.16033325,1013.25,0,Autumn
2029-11,Tourism Development Area I,N/A,25.61690674,1013.25,0,Autumn
2029-12,Tourism Development Area I,N/A,21.37758789,1013.25,0,Winter
2030-01,Tourism Development Area I,N/A,19.90310059,1013.25,0,Winter
2030-02,Tourism Development Area I,N/A,21.83233032,1013.25,0,Winter
2030-03,Tourism Development Area I,N/A,23.9581543,1013.25,0,Spring
2030-04,Tourism Development Area I,N/A,27.76629028,1013.25,0,Spring
2030-05,Tourism Development Area I,N/A,31.447229,1013.25,0,Spring
2030-06,Tourism Development Area I,N/A,34.37526855,1013.25,0,Summer
2030-07,Tourism Development Area I,N/A,35.0593811,1013.25,0,Summer
2030-08,Tourism Development Area I,N/A,35.58214722,1013.25,0,Summer
2030-09,Tourism Development Area I,N/A,33.725,1013.25,0,Autumn
2030-10,Tourism Development Area I,N/A,30.44631348,1013.25,0,Autumn
2030-11,Tourism Development Area I,N/A,25.79723511,1013.25,0,Autumn
2030-12,Tourism Development Area I,N/A,21.4526001,1013.25,0,Winter
2026-01,Tourism Development Area II,N/A,19.25045747,1013.25,0,Winter
2026-02,Tourism Development Area II,N/A,20.67720075,1013.25,0,Winter
2026-03,Tourism Development Area II,N/A,23.50746198,1013.25,0,Spring
2026-04,Tourism Development Area II,N/A,27.35164068,1013.25,0,Spring
2026-05,Tourism Development Area II,N/A,30.80108614,1013.25,0,Spring
2026-06,Tourism Development Area II,N/A,33.66420172,1013.25,0,Summer
2026-07,Tourism Development Area II,N/A,34.38622727,1013.25,0,Summer
2026-08,Tourism Development Area II,N/A,34.84988084,1013.25,0,Summer
2026-09,Tourism Development Area II,N/A,32.94906587,1013.25,0,Autumn
2026-10,Tourism Development Area II,N/A,29.4513823,1013.25,0,Autumn
2026-11,Tourism Development Area II,N/A,25.0354466,1013.25,0,Autumn
2026-12,Tourism Development Area II,N/A,20.32512091,1013.25,0,Winter
2027-01,Tourism Development Area II,N/A,18.90734398,1013.25,0,Winter
2027-02,Tourism Development Area II,N/A,20.89713803,1013.25,0,Winter
2027-03,Tourism Development Area II,N/A,23.21301095,1013.25,0,Spring
2027-04,Tourism Development Area II,N/A,27.18791824,1013.25,0,Spring
2027-05,Tourism Development Area II,N/A,30.9581543,1013.25,0,Spring
2027-06,Tourism Development Area II,N/A,33.74306059,1013.25,0,Summer
2027-07,Tourism Development Area II,N/A,34.63775896,1013.25,0,Summer
2027-08,Tourism Development Area II,N/A,34.93421689,1013.25,0,Summer
2027-09,Tourism Development Area II,N/A,33.21384365,1013.25,0,Autumn
2027-10,Tourism Development Area II,N/A,29.53416632,1013.25,0,Autumn
2027-11,Tourism Development Area II,N/A,24.86873634,1013.25,0,Autumn
2027-12,Tourism Development Area II,N/A,20.86547968,1013.25,0,Winter
2028-01,Tourism Development Area II,N/A,19.21421858,1013.25,0,Winter
2028-02,Tourism Development Area II,N/A,20.55033046,1013.25,0,Winter
2028-03,Tourism Development Area II,N/A,23.52348517,1013.25,0,Spring
2028-04,Tourism Development Area II,N/A,27.27014131,1013.25,0,Spring
2028-05,Tourism Development Area II,N/A,30.70214088,1013.25,0,Spring
2028-06,Tourism Development Area II,N/A,33.50422131,1013.25,0,Summer
2028-07,Tourism Development Area II,N/A,34.63252447,1013.25,0,Summer
2028-08,Tourism Development Area II,N/A,34.81649606,1013.25,0,Summer
2028-09,Tourism Development Area II,N/A,32.88643218,1013.25,0,Autumn
2028-10,Tourism Development Area II,N/A,29.63023711,1013.25,0,Autumn
2028-11,Tourism Development Area II,N/A,24.86630801,1013.25,0,Autumn
2028-12,Tourism Development Area II,N/A,20.58443749,1013.25,0,Winter
2029-01,Tourism Development Area II,N/A,19.11260812,1013.25,0,Winter
2029-02,Tourism Development Area II,N/A,20.25432594,1013.25,0,Winter
2029-03,Tourism Development Area II,N/A,23.45954793,1013.25,0,Spring
2029-04,Tourism Development Area II,N/A,27.15739485,1013.25,0,Spring
2029-05,Tourism Development Area II,N/A,30.94955997,1013.25,0,Spring
2029-06,Tourism Development Area II,N/A,33.67016572,1013.25,0,Summer
2029-07,Tourism Development Area II,N/A,34.51423689,1013.25,0,Summer
2029-08,Tourism Development Area II,N/A,35.17454282,1013.25,0,Summer
2029-09,Tourism Development Area II,N/A,33.19449986,1013.25,0,Autumn
2029-10,Tourism Development Area II,N/A,29.54723656,1013.25,0,Autumn
2029-11,Tourism Development Area II,N/A,24.96692592,1013.25,0,Autumn
2029-12,Tourism Development Area II,N/A,20.61273019,1013.25,0,Winter
2030-01,Tourism Development Area II,N/A,19.1687779,1013.25,0,Winter
2030-02,Tourism Development Area II,N/A,21.2384786,1013.25,0,Winter
2030-03,Tourism Development Area II,N/A,23.42028344,1013.25,0,Spring
2030-04,Tourism Development Area II,N/A,27.22118094,1013.25,0,Spring
2030-05,Tourism Development Area II,N/A,30.82896903,1013.25,0,Spring
2030-06,Tourism Development Area II,N/A,33.81980794,1013.25,0,Summer
2030-07,Tourism Development Area II,N/A,34.57561355,1013.25,0,Summer
2030-08,Tourism Development Area II,N/A,35.04229998,1013.25,0,Summer
2030-09,Tourism Development Area II,N/A,33.07220285,1013.25,0,Autumn
2030-10,Tourism Development Area II,N/A,29.82419957,1013.25,0,Autumn
2030-11,Tourism Development Area II,N/A,25.14826718,1013.25,0,Autumn
2030-12,Tourism Development Area II,N/A,20.68821179,1013.25,0,Winter
